<?xml version="1.0" encoding="UTF-8" ?>
<!-- This is a WordPress eXtended RSS file generated by WordPress as an export of your site. -->
<!-- It contains information about your site's posts, pages, comments, categories, and other content. -->
<!-- You may use this file to transfer that content from one site to another. -->
<!-- This file is not intended to serve as a complete backup of your site. -->

<!-- To import this information into a WordPress site follow these steps: -->
<!-- 1. Log in to that site as an administrator. -->
<!-- 2. Go to Tools: Import in the WordPress admin panel. -->
<!-- 3. Install the "WordPress" importer from the list. -->
<!-- 4. Activate & Run Importer. -->
<!-- 5. Upload this file using the form provided on that page. -->
<!-- 6. You will first be asked to map the authors in this export file to users -->
<!--    on the site. For each author, you may choose to map to an -->
<!--    existing user on the site or to create a new user. -->
<!-- 7. WordPress will then import each of the posts, pages, comments, categories, etc. -->
<!--    contained in this file into your site. -->

<!-- generator="WordPress/3.8.1" created="2014-02-19 13:06" -->
<rss version="2.0"
	xmlns:excerpt="http://wordpress.org/export/1.2/excerpt/"
	xmlns:content="http://purl.org/rss/1.0/modules/content/"
	xmlns:wfw="http://wellformedweb.org/CommentAPI/"
	xmlns:dc="http://purl.org/dc/elements/1.1/"
	xmlns:wp="http://wordpress.org/export/1.2/"
>

<channel>
	<wp:wxr_version>1.2</wp:wxr_version>

	<item>
				<title>tumblr_n0hpyugseU1st5lhmo1_1280</title>
		<link>http://demo2.woothemes.com/stitched/projects/nature/animals/tumblr_n0hpyugseu1st5lhmo1_1280/</link>
		<pubDate>Tue, 18 Feb 2014 14:31:16 +0000</pubDate>
		<dc:creator><![CDATA[wooteam]]></dc:creator>
		<guid isPermaLink="false">http://demo2.woothemes.com/stitched/files/2014/02/tumblr_n0hpyugseU1st5lhmo1_1280.jpg</guid>
		<description></description>
		<content:encoded><![CDATA[]]></content:encoded>
		<excerpt:encoded><![CDATA[]]></excerpt:encoded>
		<wp:post_id>2925</wp:post_id>
		<wp:post_date>2014-02-18 14:31:16</wp:post_date>
		<wp:post_date_gmt>2014-02-18 14:31:16</wp:post_date_gmt>
		<wp:comment_status>open</wp:comment_status>
		<wp:ping_status>open</wp:ping_status>
		<wp:post_name>tumblr_n0hpyugseu1st5lhmo1_1280</wp:post_name>
		<wp:status>inherit</wp:status>
		<wp:post_parent>2924</wp:post_parent>
		<wp:menu_order>0</wp:menu_order>
		<wp:post_type>attachment</wp:post_type>
		<wp:post_password></wp:post_password>
		<wp:is_sticky>0</wp:is_sticky>
		<wp:attachment_url>http://demo2.woothemes.com/stitched/files/2014/02/tumblr_n0hpyugseU1st5lhmo1_1280.jpg</wp:attachment_url>
		<wp:postmeta>
			<wp:meta_key>_wp_attached_file</wp:meta_key>
			<wp:meta_value><![CDATA[2014/02/tumblr_n0hpyugseU1st5lhmo1_1280.jpg]]></wp:meta_value>
		</wp:postmeta>
		<wp:postmeta>
			<wp:meta_key>_wp_attachment_metadata</wp:meta_key>
			<wp:meta_value><![CDATA[a:5:{s:5:"width";i:1280;s:6:"height";i:766;s:4:"file";s:43:"2014/02/tumblr_n0hpyugseU1st5lhmo1_1280.jpg";s:5:"sizes";a:9:{s:9:"thumbnail";a:4:{s:4:"file";s:43:"tumblr_n0hpyugseU1st5lhmo1_1280-150x150.jpg";s:5:"width";i:150;s:6:"height";i:150;s:9:"mime-type";s:10:"image/jpeg";}s:6:"medium";a:4:{s:4:"file";s:43:"tumblr_n0hpyugseU1st5lhmo1_1280-300x179.jpg";s:5:"width";i:300;s:6:"height";i:179;s:9:"mime-type";s:10:"image/jpeg";}s:5:"large";a:4:{s:4:"file";s:44:"tumblr_n0hpyugseU1st5lhmo1_1280-1024x612.jpg";s:5:"width";i:1024;s:6:"height";i:612;s:9:"mime-type";s:10:"image/jpeg";}s:15:"project-archive";a:4:{s:4:"file";s:43:"tumblr_n0hpyugseU1st5lhmo1_1280-600x359.jpg";s:5:"width";i:600;s:6:"height";i:359;s:9:"mime-type";s:10:"image/jpeg";}s:14:"project-single";a:4:{s:4:"file";s:44:"tumblr_n0hpyugseU1st5lhmo1_1280-1024x612.jpg";s:5:"width";i:1024;s:6:"height";i:612;s:9:"mime-type";s:10:"image/jpeg";}s:17:"project-thumbnail";a:4:{s:4:"file";s:42:"tumblr_n0hpyugseU1st5lhmo1_1280-150x89.jpg";s:5:"width";i:150;s:6:"height";i:89;s:9:"mime-type";s:10:"image/jpeg";}s:14:"shop_thumbnail";a:4:{s:4:"file";s:41:"tumblr_n0hpyugseU1st5lhmo1_1280-90x90.jpg";s:5:"width";i:90;s:6:"height";i:90;s:9:"mime-type";s:10:"image/jpeg";}s:12:"shop_catalog";a:4:{s:4:"file";s:43:"tumblr_n0hpyugseU1st5lhmo1_1280-150x150.jpg";s:5:"width";i:150;s:6:"height";i:150;s:9:"mime-type";s:10:"image/jpeg";}s:11:"shop_single";a:4:{s:4:"file";s:43:"tumblr_n0hpyugseU1st5lhmo1_1280-300x300.jpg";s:5:"width";i:300;s:6:"height";i:300;s:9:"mime-type";s:10:"image/jpeg";}}s:10:"image_meta";a:10:{s:8:"aperture";i:0;s:6:"credit";s:0:"";s:6:"camera";s:0:"";s:7:"caption";s:0:"";s:17:"created_timestamp";i:0;s:9:"copyright";s:0:"";s:12:"focal_length";i:0;s:3:"iso";i:0;s:13:"shutter_speed";i:0;s:5:"title";s:0:"";}}]]></wp:meta_value>
		</wp:postmeta>
	</item>
	<item>
				<title>tumblr_mzgzbdYBht1st5lhmo1_1280</title>
		<link>http://demo2.woothemes.com/stitched/projects/nature/animals/tumblr_mzgzbdybht1st5lhmo1_1280/</link>
		<pubDate>Tue, 18 Feb 2014 14:31:54 +0000</pubDate>
		<dc:creator><![CDATA[wooteam]]></dc:creator>
		<guid isPermaLink="false">http://demo2.woothemes.com/stitched/files/2014/02/tumblr_mzgzbdYBht1st5lhmo1_1280.jpg</guid>
		<description></description>
		<content:encoded><![CDATA[]]></content:encoded>
		<excerpt:encoded><![CDATA[]]></excerpt:encoded>
		<wp:post_id>2926</wp:post_id>
		<wp:post_date>2014-02-18 14:31:54</wp:post_date>
		<wp:post_date_gmt>2014-02-18 14:31:54</wp:post_date_gmt>
		<wp:comment_status>open</wp:comment_status>
		<wp:ping_status>open</wp:ping_status>
		<wp:post_name>tumblr_mzgzbdybht1st5lhmo1_1280</wp:post_name>
		<wp:status>inherit</wp:status>
		<wp:post_parent>2924</wp:post_parent>
		<wp:menu_order>0</wp:menu_order>
		<wp:post_type>attachment</wp:post_type>
		<wp:post_password></wp:post_password>
		<wp:is_sticky>0</wp:is_sticky>
		<wp:attachment_url>http://demo2.woothemes.com/stitched/files/2014/02/tumblr_mzgzbdYBht1st5lhmo1_1280.jpg</wp:attachment_url>
		<wp:postmeta>
			<wp:meta_key>_wp_attached_file</wp:meta_key>
			<wp:meta_value><![CDATA[2014/02/tumblr_mzgzbdYBht1st5lhmo1_1280.jpg]]></wp:meta_value>
		</wp:postmeta>
		<wp:postmeta>
			<wp:meta_key>_wp_attachment_metadata</wp:meta_key>
			<wp:meta_value><![CDATA[a:5:{s:5:"width";i:1280;s:6:"height";i:853;s:4:"file";s:43:"2014/02/tumblr_mzgzbdYBht1st5lhmo1_1280.jpg";s:5:"sizes";a:9:{s:9:"thumbnail";a:4:{s:4:"file";s:43:"tumblr_mzgzbdYBht1st5lhmo1_1280-150x150.jpg";s:5:"width";i:150;s:6:"height";i:150;s:9:"mime-type";s:10:"image/jpeg";}s:6:"medium";a:4:{s:4:"file";s:43:"tumblr_mzgzbdYBht1st5lhmo1_1280-300x199.jpg";s:5:"width";i:300;s:6:"height";i:199;s:9:"mime-type";s:10:"image/jpeg";}s:5:"large";a:4:{s:4:"file";s:44:"tumblr_mzgzbdYBht1st5lhmo1_1280-1024x682.jpg";s:5:"width";i:1024;s:6:"height";i:682;s:9:"mime-type";s:10:"image/jpeg";}s:15:"project-archive";a:4:{s:4:"file";s:43:"tumblr_mzgzbdYBht1st5lhmo1_1280-600x399.jpg";s:5:"width";i:600;s:6:"height";i:399;s:9:"mime-type";s:10:"image/jpeg";}s:14:"project-single";a:4:{s:4:"file";s:44:"tumblr_mzgzbdYBht1st5lhmo1_1280-1024x682.jpg";s:5:"width";i:1024;s:6:"height";i:682;s:9:"mime-type";s:10:"image/jpeg";}s:17:"project-thumbnail";a:4:{s:4:"file";s:42:"tumblr_mzgzbdYBht1st5lhmo1_1280-150x99.jpg";s:5:"width";i:150;s:6:"height";i:99;s:9:"mime-type";s:10:"image/jpeg";}s:14:"shop_thumbnail";a:4:{s:4:"file";s:41:"tumblr_mzgzbdYBht1st5lhmo1_1280-90x90.jpg";s:5:"width";i:90;s:6:"height";i:90;s:9:"mime-type";s:10:"image/jpeg";}s:12:"shop_catalog";a:4:{s:4:"file";s:43:"tumblr_mzgzbdYBht1st5lhmo1_1280-150x150.jpg";s:5:"width";i:150;s:6:"height";i:150;s:9:"mime-type";s:10:"image/jpeg";}s:11:"shop_single";a:4:{s:4:"file";s:43:"tumblr_mzgzbdYBht1st5lhmo1_1280-300x300.jpg";s:5:"width";i:300;s:6:"height";i:300;s:9:"mime-type";s:10:"image/jpeg";}}s:10:"image_meta";a:10:{s:8:"aperture";i:0;s:6:"credit";s:0:"";s:6:"camera";s:0:"";s:7:"caption";s:0:"";s:17:"created_timestamp";i:0;s:9:"copyright";s:0:"";s:12:"focal_length";i:0;s:3:"iso";i:0;s:13:"shutter_speed";i:0;s:5:"title";s:0:"";}}]]></wp:meta_value>
		</wp:postmeta>
	</item>
	<item>
				<title>tumblr_n10mzgcbTV1st5lhmo1_1280</title>
		<link>http://demo2.woothemes.com/stitched/projects/nature/animals/tumblr_n10mzgcbtv1st5lhmo1_1280/</link>
		<pubDate>Tue, 18 Feb 2014 14:31:57 +0000</pubDate>
		<dc:creator><![CDATA[wooteam]]></dc:creator>
		<guid isPermaLink="false">http://demo2.woothemes.com/stitched/files/2014/02/tumblr_n10mzgcbTV1st5lhmo1_1280.jpg</guid>
		<description></description>
		<content:encoded><![CDATA[]]></content:encoded>
		<excerpt:encoded><![CDATA[]]></excerpt:encoded>
		<wp:post_id>2927</wp:post_id>
		<wp:post_date>2014-02-18 14:31:57</wp:post_date>
		<wp:post_date_gmt>2014-02-18 14:31:57</wp:post_date_gmt>
		<wp:comment_status>open</wp:comment_status>
		<wp:ping_status>open</wp:ping_status>
		<wp:post_name>tumblr_n10mzgcbtv1st5lhmo1_1280</wp:post_name>
		<wp:status>inherit</wp:status>
		<wp:post_parent>2924</wp:post_parent>
		<wp:menu_order>0</wp:menu_order>
		<wp:post_type>attachment</wp:post_type>
		<wp:post_password></wp:post_password>
		<wp:is_sticky>0</wp:is_sticky>
		<wp:attachment_url>http://demo2.woothemes.com/stitched/files/2014/02/tumblr_n10mzgcbTV1st5lhmo1_1280.jpg</wp:attachment_url>
		<wp:postmeta>
			<wp:meta_key>_wp_attached_file</wp:meta_key>
			<wp:meta_value><![CDATA[2014/02/tumblr_n10mzgcbTV1st5lhmo1_1280.jpg]]></wp:meta_value>
		</wp:postmeta>
		<wp:postmeta>
			<wp:meta_key>_wp_attachment_metadata</wp:meta_key>
			<wp:meta_value><![CDATA[a:5:{s:5:"width";i:1280;s:6:"height";i:850;s:4:"file";s:43:"2014/02/tumblr_n10mzgcbTV1st5lhmo1_1280.jpg";s:5:"sizes";a:9:{s:9:"thumbnail";a:4:{s:4:"file";s:43:"tumblr_n10mzgcbTV1st5lhmo1_1280-150x150.jpg";s:5:"width";i:150;s:6:"height";i:150;s:9:"mime-type";s:10:"image/jpeg";}s:6:"medium";a:4:{s:4:"file";s:43:"tumblr_n10mzgcbTV1st5lhmo1_1280-300x199.jpg";s:5:"width";i:300;s:6:"height";i:199;s:9:"mime-type";s:10:"image/jpeg";}s:5:"large";a:4:{s:4:"file";s:44:"tumblr_n10mzgcbTV1st5lhmo1_1280-1024x680.jpg";s:5:"width";i:1024;s:6:"height";i:680;s:9:"mime-type";s:10:"image/jpeg";}s:15:"project-archive";a:4:{s:4:"file";s:43:"tumblr_n10mzgcbTV1st5lhmo1_1280-600x398.jpg";s:5:"width";i:600;s:6:"height";i:398;s:9:"mime-type";s:10:"image/jpeg";}s:14:"project-single";a:4:{s:4:"file";s:44:"tumblr_n10mzgcbTV1st5lhmo1_1280-1024x680.jpg";s:5:"width";i:1024;s:6:"height";i:680;s:9:"mime-type";s:10:"image/jpeg";}s:17:"project-thumbnail";a:4:{s:4:"file";s:42:"tumblr_n10mzgcbTV1st5lhmo1_1280-150x99.jpg";s:5:"width";i:150;s:6:"height";i:99;s:9:"mime-type";s:10:"image/jpeg";}s:14:"shop_thumbnail";a:4:{s:4:"file";s:41:"tumblr_n10mzgcbTV1st5lhmo1_1280-90x90.jpg";s:5:"width";i:90;s:6:"height";i:90;s:9:"mime-type";s:10:"image/jpeg";}s:12:"shop_catalog";a:4:{s:4:"file";s:43:"tumblr_n10mzgcbTV1st5lhmo1_1280-150x150.jpg";s:5:"width";i:150;s:6:"height";i:150;s:9:"mime-type";s:10:"image/jpeg";}s:11:"shop_single";a:4:{s:4:"file";s:43:"tumblr_n10mzgcbTV1st5lhmo1_1280-300x300.jpg";s:5:"width";i:300;s:6:"height";i:300;s:9:"mime-type";s:10:"image/jpeg";}}s:10:"image_meta";a:10:{s:8:"aperture";d:4;s:6:"credit";s:0:"";s:6:"camera";s:9:"NIKON D90";s:7:"caption";s:0:"";s:17:"created_timestamp";i:1379618215;s:9:"copyright";s:0:"";s:12:"focal_length";s:2:"70";s:3:"iso";s:3:"320";s:13:"shutter_speed";s:7:"0.00025";s:5:"title";s:0:"";}}]]></wp:meta_value>
		</wp:postmeta>
	</item>
	<item>
				<title>tumblr_n10n1wmxiS1st5lhmo1_1280</title>
		<link>http://demo2.woothemes.com/stitched/projects/nature/animals/tumblr_n10n1wmxis1st5lhmo1_1280/</link>
		<pubDate>Tue, 18 Feb 2014 14:32:00 +0000</pubDate>
		<dc:creator><![CDATA[wooteam]]></dc:creator>
		<guid isPermaLink="false">http://demo2.woothemes.com/stitched/files/2014/02/tumblr_n10n1wmxiS1st5lhmo1_1280.jpg</guid>
		<description></description>
		<content:encoded><![CDATA[]]></content:encoded>
		<excerpt:encoded><![CDATA[]]></excerpt:encoded>
		<wp:post_id>2928</wp:post_id>
		<wp:post_date>2014-02-18 14:32:00</wp:post_date>
		<wp:post_date_gmt>2014-02-18 14:32:00</wp:post_date_gmt>
		<wp:comment_status>open</wp:comment_status>
		<wp:ping_status>open</wp:ping_status>
		<wp:post_name>tumblr_n10n1wmxis1st5lhmo1_1280</wp:post_name>
		<wp:status>inherit</wp:status>
		<wp:post_parent>2924</wp:post_parent>
		<wp:menu_order>0</wp:menu_order>
		<wp:post_type>attachment</wp:post_type>
		<wp:post_password></wp:post_password>
		<wp:is_sticky>0</wp:is_sticky>
		<wp:attachment_url>http://demo2.woothemes.com/stitched/files/2014/02/tumblr_n10n1wmxiS1st5lhmo1_1280.jpg</wp:attachment_url>
		<wp:postmeta>
			<wp:meta_key>_wp_attached_file</wp:meta_key>
			<wp:meta_value><![CDATA[2014/02/tumblr_n10n1wmxiS1st5lhmo1_1280.jpg]]></wp:meta_value>
		</wp:postmeta>
		<wp:postmeta>
			<wp:meta_key>_wp_attachment_metadata</wp:meta_key>
			<wp:meta_value><![CDATA[a:5:{s:5:"width";i:1280;s:6:"height";i:853;s:4:"file";s:43:"2014/02/tumblr_n10n1wmxiS1st5lhmo1_1280.jpg";s:5:"sizes";a:9:{s:9:"thumbnail";a:4:{s:4:"file";s:43:"tumblr_n10n1wmxiS1st5lhmo1_1280-150x150.jpg";s:5:"width";i:150;s:6:"height";i:150;s:9:"mime-type";s:10:"image/jpeg";}s:6:"medium";a:4:{s:4:"file";s:43:"tumblr_n10n1wmxiS1st5lhmo1_1280-300x199.jpg";s:5:"width";i:300;s:6:"height";i:199;s:9:"mime-type";s:10:"image/jpeg";}s:5:"large";a:4:{s:4:"file";s:44:"tumblr_n10n1wmxiS1st5lhmo1_1280-1024x682.jpg";s:5:"width";i:1024;s:6:"height";i:682;s:9:"mime-type";s:10:"image/jpeg";}s:15:"project-archive";a:4:{s:4:"file";s:43:"tumblr_n10n1wmxiS1st5lhmo1_1280-600x399.jpg";s:5:"width";i:600;s:6:"height";i:399;s:9:"mime-type";s:10:"image/jpeg";}s:14:"project-single";a:4:{s:4:"file";s:44:"tumblr_n10n1wmxiS1st5lhmo1_1280-1024x682.jpg";s:5:"width";i:1024;s:6:"height";i:682;s:9:"mime-type";s:10:"image/jpeg";}s:17:"project-thumbnail";a:4:{s:4:"file";s:42:"tumblr_n10n1wmxiS1st5lhmo1_1280-150x99.jpg";s:5:"width";i:150;s:6:"height";i:99;s:9:"mime-type";s:10:"image/jpeg";}s:14:"shop_thumbnail";a:4:{s:4:"file";s:41:"tumblr_n10n1wmxiS1st5lhmo1_1280-90x90.jpg";s:5:"width";i:90;s:6:"height";i:90;s:9:"mime-type";s:10:"image/jpeg";}s:12:"shop_catalog";a:4:{s:4:"file";s:43:"tumblr_n10n1wmxiS1st5lhmo1_1280-150x150.jpg";s:5:"width";i:150;s:6:"height";i:150;s:9:"mime-type";s:10:"image/jpeg";}s:11:"shop_single";a:4:{s:4:"file";s:43:"tumblr_n10n1wmxiS1st5lhmo1_1280-300x300.jpg";s:5:"width";i:300;s:6:"height";i:300;s:9:"mime-type";s:10:"image/jpeg";}}s:10:"image_meta";a:10:{s:8:"aperture";d:1.600000000000000088817841970012523233890533447265625;s:6:"credit";s:0:"";s:6:"camera";s:12:"Canon EOS 6D";s:7:"caption";s:0:"";s:17:"created_timestamp";i:1370628133;s:9:"copyright";s:0:"";s:12:"focal_length";s:2:"50";s:3:"iso";s:3:"100";s:13:"shutter_speed";s:9:"0.0015625";s:5:"title";s:0:"";}}]]></wp:meta_value>
		</wp:postmeta>
	</item>
	<item>
				<title>tumblr_n10n4rpjvZ1st5lhmo1_1280</title>
		<link>http://demo2.woothemes.com/stitched/projects/urban/cities/tumblr_n10n4rpjvz1st5lhmo1_1280/</link>
		<pubDate>Tue, 18 Feb 2014 14:33:23 +0000</pubDate>
		<dc:creator><![CDATA[wooteam]]></dc:creator>
		<guid isPermaLink="false">http://demo2.woothemes.com/stitched/files/2014/02/tumblr_n10n4rpjvZ1st5lhmo1_1280.jpg</guid>
		<description></description>
		<content:encoded><![CDATA[]]></content:encoded>
		<excerpt:encoded><![CDATA[]]></excerpt:encoded>
		<wp:post_id>2930</wp:post_id>
		<wp:post_date>2014-02-18 14:33:23</wp:post_date>
		<wp:post_date_gmt>2014-02-18 14:33:23</wp:post_date_gmt>
		<wp:comment_status>open</wp:comment_status>
		<wp:ping_status>open</wp:ping_status>
		<wp:post_name>tumblr_n10n4rpjvz1st5lhmo1_1280</wp:post_name>
		<wp:status>inherit</wp:status>
		<wp:post_parent>2929</wp:post_parent>
		<wp:menu_order>0</wp:menu_order>
		<wp:post_type>attachment</wp:post_type>
		<wp:post_password></wp:post_password>
		<wp:is_sticky>0</wp:is_sticky>
		<wp:attachment_url>http://demo2.woothemes.com/stitched/files/2014/02/tumblr_n10n4rpjvZ1st5lhmo1_1280.jpg</wp:attachment_url>
		<wp:postmeta>
			<wp:meta_key>_wp_attached_file</wp:meta_key>
			<wp:meta_value><![CDATA[2014/02/tumblr_n10n4rpjvZ1st5lhmo1_1280.jpg]]></wp:meta_value>
		</wp:postmeta>
		<wp:postmeta>
			<wp:meta_key>_wp_attachment_metadata</wp:meta_key>
			<wp:meta_value><![CDATA[a:5:{s:5:"width";i:1280;s:6:"height";i:853;s:4:"file";s:43:"2014/02/tumblr_n10n4rpjvZ1st5lhmo1_1280.jpg";s:5:"sizes";a:9:{s:9:"thumbnail";a:4:{s:4:"file";s:43:"tumblr_n10n4rpjvZ1st5lhmo1_1280-150x150.jpg";s:5:"width";i:150;s:6:"height";i:150;s:9:"mime-type";s:10:"image/jpeg";}s:6:"medium";a:4:{s:4:"file";s:43:"tumblr_n10n4rpjvZ1st5lhmo1_1280-300x199.jpg";s:5:"width";i:300;s:6:"height";i:199;s:9:"mime-type";s:10:"image/jpeg";}s:5:"large";a:4:{s:4:"file";s:44:"tumblr_n10n4rpjvZ1st5lhmo1_1280-1024x682.jpg";s:5:"width";i:1024;s:6:"height";i:682;s:9:"mime-type";s:10:"image/jpeg";}s:15:"project-archive";a:4:{s:4:"file";s:43:"tumblr_n10n4rpjvZ1st5lhmo1_1280-600x399.jpg";s:5:"width";i:600;s:6:"height";i:399;s:9:"mime-type";s:10:"image/jpeg";}s:14:"project-single";a:4:{s:4:"file";s:44:"tumblr_n10n4rpjvZ1st5lhmo1_1280-1024x682.jpg";s:5:"width";i:1024;s:6:"height";i:682;s:9:"mime-type";s:10:"image/jpeg";}s:17:"project-thumbnail";a:4:{s:4:"file";s:42:"tumblr_n10n4rpjvZ1st5lhmo1_1280-150x99.jpg";s:5:"width";i:150;s:6:"height";i:99;s:9:"mime-type";s:10:"image/jpeg";}s:14:"shop_thumbnail";a:4:{s:4:"file";s:41:"tumblr_n10n4rpjvZ1st5lhmo1_1280-90x90.jpg";s:5:"width";i:90;s:6:"height";i:90;s:9:"mime-type";s:10:"image/jpeg";}s:12:"shop_catalog";a:4:{s:4:"file";s:43:"tumblr_n10n4rpjvZ1st5lhmo1_1280-150x150.jpg";s:5:"width";i:150;s:6:"height";i:150;s:9:"mime-type";s:10:"image/jpeg";}s:11:"shop_single";a:4:{s:4:"file";s:43:"tumblr_n10n4rpjvZ1st5lhmo1_1280-300x300.jpg";s:5:"width";i:300;s:6:"height";i:300;s:9:"mime-type";s:10:"image/jpeg";}}s:10:"image_meta";a:10:{s:8:"aperture";d:8;s:6:"credit";s:0:"";s:6:"camera";s:22:"Canon EOS-1Ds Mark III";s:7:"caption";s:0:"";s:17:"created_timestamp";i:1253844719;s:9:"copyright";s:0:"";s:12:"focal_length";s:2:"17";s:3:"iso";s:3:"100";s:13:"shutter_speed";s:2:"25";s:5:"title";s:0:"";}}]]></wp:meta_value>
		</wp:postmeta>
	</item>
	<item>
				<title>tumblr_mzgzd79XMY1st5lhmo1_1280</title>
		<link>http://demo2.woothemes.com/stitched/projects/urban/cities/tumblr_mzgzd79xmy1st5lhmo1_1280/</link>
		<pubDate>Tue, 18 Feb 2014 14:33:54 +0000</pubDate>
		<dc:creator><![CDATA[wooteam]]></dc:creator>
		<guid isPermaLink="false">http://demo2.woothemes.com/stitched/files/2014/02/tumblr_mzgzd79XMY1st5lhmo1_1280.jpg</guid>
		<description></description>
		<content:encoded><![CDATA[]]></content:encoded>
		<excerpt:encoded><![CDATA[]]></excerpt:encoded>
		<wp:post_id>2931</wp:post_id>
		<wp:post_date>2014-02-18 14:33:54</wp:post_date>
		<wp:post_date_gmt>2014-02-18 14:33:54</wp:post_date_gmt>
		<wp:comment_status>open</wp:comment_status>
		<wp:ping_status>open</wp:ping_status>
		<wp:post_name>tumblr_mzgzd79xmy1st5lhmo1_1280</wp:post_name>
		<wp:status>inherit</wp:status>
		<wp:post_parent>2929</wp:post_parent>
		<wp:menu_order>0</wp:menu_order>
		<wp:post_type>attachment</wp:post_type>
		<wp:post_password></wp:post_password>
		<wp:is_sticky>0</wp:is_sticky>
		<wp:attachment_url>http://demo2.woothemes.com/stitched/files/2014/02/tumblr_mzgzd79XMY1st5lhmo1_1280.jpg</wp:attachment_url>
		<wp:postmeta>
			<wp:meta_key>_wp_attached_file</wp:meta_key>
			<wp:meta_value><![CDATA[2014/02/tumblr_mzgzd79XMY1st5lhmo1_1280.jpg]]></wp:meta_value>
		</wp:postmeta>
		<wp:postmeta>
			<wp:meta_key>_wp_attachment_metadata</wp:meta_key>
			<wp:meta_value><![CDATA[a:5:{s:5:"width";i:1280;s:6:"height";i:781;s:4:"file";s:43:"2014/02/tumblr_mzgzd79XMY1st5lhmo1_1280.jpg";s:5:"sizes";a:9:{s:9:"thumbnail";a:4:{s:4:"file";s:43:"tumblr_mzgzd79XMY1st5lhmo1_1280-150x150.jpg";s:5:"width";i:150;s:6:"height";i:150;s:9:"mime-type";s:10:"image/jpeg";}s:6:"medium";a:4:{s:4:"file";s:43:"tumblr_mzgzd79XMY1st5lhmo1_1280-300x183.jpg";s:5:"width";i:300;s:6:"height";i:183;s:9:"mime-type";s:10:"image/jpeg";}s:5:"large";a:4:{s:4:"file";s:44:"tumblr_mzgzd79XMY1st5lhmo1_1280-1024x624.jpg";s:5:"width";i:1024;s:6:"height";i:624;s:9:"mime-type";s:10:"image/jpeg";}s:15:"project-archive";a:4:{s:4:"file";s:43:"tumblr_mzgzd79XMY1st5lhmo1_1280-600x366.jpg";s:5:"width";i:600;s:6:"height";i:366;s:9:"mime-type";s:10:"image/jpeg";}s:14:"project-single";a:4:{s:4:"file";s:44:"tumblr_mzgzd79XMY1st5lhmo1_1280-1024x624.jpg";s:5:"width";i:1024;s:6:"height";i:624;s:9:"mime-type";s:10:"image/jpeg";}s:17:"project-thumbnail";a:4:{s:4:"file";s:42:"tumblr_mzgzd79XMY1st5lhmo1_1280-150x91.jpg";s:5:"width";i:150;s:6:"height";i:91;s:9:"mime-type";s:10:"image/jpeg";}s:14:"shop_thumbnail";a:4:{s:4:"file";s:41:"tumblr_mzgzd79XMY1st5lhmo1_1280-90x90.jpg";s:5:"width";i:90;s:6:"height";i:90;s:9:"mime-type";s:10:"image/jpeg";}s:12:"shop_catalog";a:4:{s:4:"file";s:43:"tumblr_mzgzd79XMY1st5lhmo1_1280-150x150.jpg";s:5:"width";i:150;s:6:"height";i:150;s:9:"mime-type";s:10:"image/jpeg";}s:11:"shop_single";a:4:{s:4:"file";s:43:"tumblr_mzgzd79XMY1st5lhmo1_1280-300x300.jpg";s:5:"width";i:300;s:6:"height";i:300;s:9:"mime-type";s:10:"image/jpeg";}}s:10:"image_meta";a:10:{s:8:"aperture";i:0;s:6:"credit";s:0:"";s:6:"camera";s:0:"";s:7:"caption";s:0:"";s:17:"created_timestamp";i:0;s:9:"copyright";s:0:"";s:12:"focal_length";i:0;s:3:"iso";i:0;s:13:"shutter_speed";i:0;s:5:"title";s:0:"";}}]]></wp:meta_value>
		</wp:postmeta>
	</item>
	<item>
				<title>tumblr_n0hpvtE8J11st5lhmo1_1280</title>
		<link>http://demo2.woothemes.com/stitched/projects/urban/cities/tumblr_n0hpvte8j11st5lhmo1_1280/</link>
		<pubDate>Tue, 18 Feb 2014 14:33:58 +0000</pubDate>
		<dc:creator><![CDATA[wooteam]]></dc:creator>
		<guid isPermaLink="false">http://demo2.woothemes.com/stitched/files/2014/02/tumblr_n0hpvtE8J11st5lhmo1_1280.jpg</guid>
		<description></description>
		<content:encoded><![CDATA[]]></content:encoded>
		<excerpt:encoded><![CDATA[]]></excerpt:encoded>
		<wp:post_id>2932</wp:post_id>
		<wp:post_date>2014-02-18 14:33:58</wp:post_date>
		<wp:post_date_gmt>2014-02-18 14:33:58</wp:post_date_gmt>
		<wp:comment_status>open</wp:comment_status>
		<wp:ping_status>open</wp:ping_status>
		<wp:post_name>tumblr_n0hpvte8j11st5lhmo1_1280</wp:post_name>
		<wp:status>inherit</wp:status>
		<wp:post_parent>2929</wp:post_parent>
		<wp:menu_order>0</wp:menu_order>
		<wp:post_type>attachment</wp:post_type>
		<wp:post_password></wp:post_password>
		<wp:is_sticky>0</wp:is_sticky>
		<wp:attachment_url>http://demo2.woothemes.com/stitched/files/2014/02/tumblr_n0hpvtE8J11st5lhmo1_1280.jpg</wp:attachment_url>
		<wp:postmeta>
			<wp:meta_key>_wp_attached_file</wp:meta_key>
			<wp:meta_value><![CDATA[2014/02/tumblr_n0hpvtE8J11st5lhmo1_1280.jpg]]></wp:meta_value>
		</wp:postmeta>
		<wp:postmeta>
			<wp:meta_key>_wp_attachment_metadata</wp:meta_key>
			<wp:meta_value><![CDATA[a:5:{s:5:"width";i:1280;s:6:"height";i:1280;s:4:"file";s:43:"2014/02/tumblr_n0hpvtE8J11st5lhmo1_1280.jpg";s:5:"sizes";a:9:{s:9:"thumbnail";a:4:{s:4:"file";s:43:"tumblr_n0hpvtE8J11st5lhmo1_1280-150x150.jpg";s:5:"width";i:150;s:6:"height";i:150;s:9:"mime-type";s:10:"image/jpeg";}s:6:"medium";a:4:{s:4:"file";s:43:"tumblr_n0hpvtE8J11st5lhmo1_1280-300x300.jpg";s:5:"width";i:300;s:6:"height";i:300;s:9:"mime-type";s:10:"image/jpeg";}s:5:"large";a:4:{s:4:"file";s:45:"tumblr_n0hpvtE8J11st5lhmo1_1280-1024x1024.jpg";s:5:"width";i:1024;s:6:"height";i:1024;s:9:"mime-type";s:10:"image/jpeg";}s:15:"project-archive";a:4:{s:4:"file";s:43:"tumblr_n0hpvtE8J11st5lhmo1_1280-600x600.jpg";s:5:"width";i:600;s:6:"height";i:600;s:9:"mime-type";s:10:"image/jpeg";}s:14:"project-single";a:4:{s:4:"file";s:45:"tumblr_n0hpvtE8J11st5lhmo1_1280-1024x1024.jpg";s:5:"width";i:1024;s:6:"height";i:1024;s:9:"mime-type";s:10:"image/jpeg";}s:17:"project-thumbnail";a:4:{s:4:"file";s:43:"tumblr_n0hpvtE8J11st5lhmo1_1280-150x150.jpg";s:5:"width";i:150;s:6:"height";i:150;s:9:"mime-type";s:10:"image/jpeg";}s:14:"shop_thumbnail";a:4:{s:4:"file";s:41:"tumblr_n0hpvtE8J11st5lhmo1_1280-90x90.jpg";s:5:"width";i:90;s:6:"height";i:90;s:9:"mime-type";s:10:"image/jpeg";}s:12:"shop_catalog";a:4:{s:4:"file";s:43:"tumblr_n0hpvtE8J11st5lhmo1_1280-150x150.jpg";s:5:"width";i:150;s:6:"height";i:150;s:9:"mime-type";s:10:"image/jpeg";}s:11:"shop_single";a:4:{s:4:"file";s:43:"tumblr_n0hpvtE8J11st5lhmo1_1280-300x300.jpg";s:5:"width";i:300;s:6:"height";i:300;s:9:"mime-type";s:10:"image/jpeg";}}s:10:"image_meta";a:10:{s:8:"aperture";i:0;s:6:"credit";s:0:"";s:6:"camera";s:0:"";s:7:"caption";s:0:"";s:17:"created_timestamp";i:0;s:9:"copyright";s:0:"";s:12:"focal_length";i:0;s:3:"iso";i:0;s:13:"shutter_speed";i:0;s:5:"title";s:0:"";}}]]></wp:meta_value>
		</wp:postmeta>
	</item>
	<item>
				<title>tumblr_n0hpzpKEfE1st5lhmo1_1280</title>
		<link>http://demo2.woothemes.com/stitched/projects/urban/cities/tumblr_n0hpzpkefe1st5lhmo1_1280/</link>
		<pubDate>Tue, 18 Feb 2014 14:34:02 +0000</pubDate>
		<dc:creator><![CDATA[wooteam]]></dc:creator>
		<guid isPermaLink="false">http://demo2.woothemes.com/stitched/files/2014/02/tumblr_n0hpzpKEfE1st5lhmo1_1280.jpg</guid>
		<description></description>
		<content:encoded><![CDATA[]]></content:encoded>
		<excerpt:encoded><![CDATA[]]></excerpt:encoded>
		<wp:post_id>2933</wp:post_id>
		<wp:post_date>2014-02-18 14:34:02</wp:post_date>
		<wp:post_date_gmt>2014-02-18 14:34:02</wp:post_date_gmt>
		<wp:comment_status>open</wp:comment_status>
		<wp:ping_status>open</wp:ping_status>
		<wp:post_name>tumblr_n0hpzpkefe1st5lhmo1_1280</wp:post_name>
		<wp:status>inherit</wp:status>
		<wp:post_parent>2929</wp:post_parent>
		<wp:menu_order>0</wp:menu_order>
		<wp:post_type>attachment</wp:post_type>
		<wp:post_password></wp:post_password>
		<wp:is_sticky>0</wp:is_sticky>
		<wp:attachment_url>http://demo2.woothemes.com/stitched/files/2014/02/tumblr_n0hpzpKEfE1st5lhmo1_1280.jpg</wp:attachment_url>
		<wp:postmeta>
			<wp:meta_key>_wp_attached_file</wp:meta_key>
			<wp:meta_value><![CDATA[2014/02/tumblr_n0hpzpKEfE1st5lhmo1_1280.jpg]]></wp:meta_value>
		</wp:postmeta>
		<wp:postmeta>
			<wp:meta_key>_wp_attachment_metadata</wp:meta_key>
			<wp:meta_value><![CDATA[a:5:{s:5:"width";i:1280;s:6:"height";i:720;s:4:"file";s:43:"2014/02/tumblr_n0hpzpKEfE1st5lhmo1_1280.jpg";s:5:"sizes";a:9:{s:9:"thumbnail";a:4:{s:4:"file";s:43:"tumblr_n0hpzpKEfE1st5lhmo1_1280-150x150.jpg";s:5:"width";i:150;s:6:"height";i:150;s:9:"mime-type";s:10:"image/jpeg";}s:6:"medium";a:4:{s:4:"file";s:43:"tumblr_n0hpzpKEfE1st5lhmo1_1280-300x168.jpg";s:5:"width";i:300;s:6:"height";i:168;s:9:"mime-type";s:10:"image/jpeg";}s:5:"large";a:4:{s:4:"file";s:44:"tumblr_n0hpzpKEfE1st5lhmo1_1280-1024x576.jpg";s:5:"width";i:1024;s:6:"height";i:576;s:9:"mime-type";s:10:"image/jpeg";}s:15:"project-archive";a:4:{s:4:"file";s:43:"tumblr_n0hpzpKEfE1st5lhmo1_1280-600x337.jpg";s:5:"width";i:600;s:6:"height";i:337;s:9:"mime-type";s:10:"image/jpeg";}s:14:"project-single";a:4:{s:4:"file";s:44:"tumblr_n0hpzpKEfE1st5lhmo1_1280-1024x576.jpg";s:5:"width";i:1024;s:6:"height";i:576;s:9:"mime-type";s:10:"image/jpeg";}s:17:"project-thumbnail";a:4:{s:4:"file";s:42:"tumblr_n0hpzpKEfE1st5lhmo1_1280-150x84.jpg";s:5:"width";i:150;s:6:"height";i:84;s:9:"mime-type";s:10:"image/jpeg";}s:14:"shop_thumbnail";a:4:{s:4:"file";s:41:"tumblr_n0hpzpKEfE1st5lhmo1_1280-90x90.jpg";s:5:"width";i:90;s:6:"height";i:90;s:9:"mime-type";s:10:"image/jpeg";}s:12:"shop_catalog";a:4:{s:4:"file";s:43:"tumblr_n0hpzpKEfE1st5lhmo1_1280-150x150.jpg";s:5:"width";i:150;s:6:"height";i:150;s:9:"mime-type";s:10:"image/jpeg";}s:11:"shop_single";a:4:{s:4:"file";s:43:"tumblr_n0hpzpKEfE1st5lhmo1_1280-300x300.jpg";s:5:"width";i:300;s:6:"height";i:300;s:9:"mime-type";s:10:"image/jpeg";}}s:10:"image_meta";a:10:{s:8:"aperture";i:0;s:6:"credit";s:0:"";s:6:"camera";s:0:"";s:7:"caption";s:0:"";s:17:"created_timestamp";i:0;s:9:"copyright";s:0:"";s:12:"focal_length";i:0;s:3:"iso";i:0;s:13:"shutter_speed";i:0;s:5:"title";s:0:"";}}]]></wp:meta_value>
		</wp:postmeta>
	</item>
	<item>
				<title>tumblr_mxrv2tfdaT1st5lhmo1_1280</title>
		<link>http://demo2.woothemes.com/stitched/projects/landscapes/the-desert/tumblr_mxrv2tfdat1st5lhmo1_1280/</link>
		<pubDate>Tue, 18 Feb 2014 14:35:32 +0000</pubDate>
		<dc:creator><![CDATA[wooteam]]></dc:creator>
		<guid isPermaLink="false">http://demo2.woothemes.com/stitched/files/2014/02/tumblr_mxrv2tfdaT1st5lhmo1_1280.jpg</guid>
		<description></description>
		<content:encoded><![CDATA[]]></content:encoded>
		<excerpt:encoded><![CDATA[]]></excerpt:encoded>
		<wp:post_id>2935</wp:post_id>
		<wp:post_date>2014-02-18 14:35:32</wp:post_date>
		<wp:post_date_gmt>2014-02-18 14:35:32</wp:post_date_gmt>
		<wp:comment_status>open</wp:comment_status>
		<wp:ping_status>open</wp:ping_status>
		<wp:post_name>tumblr_mxrv2tfdat1st5lhmo1_1280</wp:post_name>
		<wp:status>inherit</wp:status>
		<wp:post_parent>2934</wp:post_parent>
		<wp:menu_order>0</wp:menu_order>
		<wp:post_type>attachment</wp:post_type>
		<wp:post_password></wp:post_password>
		<wp:is_sticky>0</wp:is_sticky>
		<wp:attachment_url>http://demo2.woothemes.com/stitched/files/2014/02/tumblr_mxrv2tfdaT1st5lhmo1_1280.jpg</wp:attachment_url>
		<wp:postmeta>
			<wp:meta_key>_wp_attached_file</wp:meta_key>
			<wp:meta_value><![CDATA[2014/02/tumblr_mxrv2tfdaT1st5lhmo1_1280.jpg]]></wp:meta_value>
		</wp:postmeta>
		<wp:postmeta>
			<wp:meta_key>_wp_attachment_metadata</wp:meta_key>
			<wp:meta_value><![CDATA[a:5:{s:5:"width";i:1280;s:6:"height";i:850;s:4:"file";s:43:"2014/02/tumblr_mxrv2tfdaT1st5lhmo1_1280.jpg";s:5:"sizes";a:9:{s:9:"thumbnail";a:4:{s:4:"file";s:43:"tumblr_mxrv2tfdaT1st5lhmo1_1280-150x150.jpg";s:5:"width";i:150;s:6:"height";i:150;s:9:"mime-type";s:10:"image/jpeg";}s:6:"medium";a:4:{s:4:"file";s:43:"tumblr_mxrv2tfdaT1st5lhmo1_1280-300x199.jpg";s:5:"width";i:300;s:6:"height";i:199;s:9:"mime-type";s:10:"image/jpeg";}s:5:"large";a:4:{s:4:"file";s:44:"tumblr_mxrv2tfdaT1st5lhmo1_1280-1024x680.jpg";s:5:"width";i:1024;s:6:"height";i:680;s:9:"mime-type";s:10:"image/jpeg";}s:15:"project-archive";a:4:{s:4:"file";s:43:"tumblr_mxrv2tfdaT1st5lhmo1_1280-600x398.jpg";s:5:"width";i:600;s:6:"height";i:398;s:9:"mime-type";s:10:"image/jpeg";}s:14:"project-single";a:4:{s:4:"file";s:44:"tumblr_mxrv2tfdaT1st5lhmo1_1280-1024x680.jpg";s:5:"width";i:1024;s:6:"height";i:680;s:9:"mime-type";s:10:"image/jpeg";}s:17:"project-thumbnail";a:4:{s:4:"file";s:42:"tumblr_mxrv2tfdaT1st5lhmo1_1280-150x99.jpg";s:5:"width";i:150;s:6:"height";i:99;s:9:"mime-type";s:10:"image/jpeg";}s:14:"shop_thumbnail";a:4:{s:4:"file";s:41:"tumblr_mxrv2tfdaT1st5lhmo1_1280-90x90.jpg";s:5:"width";i:90;s:6:"height";i:90;s:9:"mime-type";s:10:"image/jpeg";}s:12:"shop_catalog";a:4:{s:4:"file";s:43:"tumblr_mxrv2tfdaT1st5lhmo1_1280-150x150.jpg";s:5:"width";i:150;s:6:"height";i:150;s:9:"mime-type";s:10:"image/jpeg";}s:11:"shop_single";a:4:{s:4:"file";s:43:"tumblr_mxrv2tfdaT1st5lhmo1_1280-300x300.jpg";s:5:"width";i:300;s:6:"height";i:300;s:9:"mime-type";s:10:"image/jpeg";}}s:10:"image_meta";a:10:{s:8:"aperture";i:0;s:6:"credit";s:0:"";s:6:"camera";s:0:"";s:7:"caption";s:0:"";s:17:"created_timestamp";i:0;s:9:"copyright";s:0:"";s:12:"focal_length";i:0;s:3:"iso";i:0;s:13:"shutter_speed";i:0;s:5:"title";s:0:"";}}]]></wp:meta_value>
		</wp:postmeta>
	</item>
	<item>
				<title>tumblr_mxrv3qn8Am1st5lhmo1_1280</title>
		<link>http://demo2.woothemes.com/stitched/projects/landscapes/the-desert/tumblr_mxrv3qn8am1st5lhmo1_1280/</link>
		<pubDate>Tue, 18 Feb 2014 14:35:56 +0000</pubDate>
		<dc:creator><![CDATA[wooteam]]></dc:creator>
		<guid isPermaLink="false">http://demo2.woothemes.com/stitched/files/2014/02/tumblr_mxrv3qn8Am1st5lhmo1_1280.jpg</guid>
		<description></description>
		<content:encoded><![CDATA[]]></content:encoded>
		<excerpt:encoded><![CDATA[]]></excerpt:encoded>
		<wp:post_id>2936</wp:post_id>
		<wp:post_date>2014-02-18 14:35:56</wp:post_date>
		<wp:post_date_gmt>2014-02-18 14:35:56</wp:post_date_gmt>
		<wp:comment_status>open</wp:comment_status>
		<wp:ping_status>open</wp:ping_status>
		<wp:post_name>tumblr_mxrv3qn8am1st5lhmo1_1280</wp:post_name>
		<wp:status>inherit</wp:status>
		<wp:post_parent>2934</wp:post_parent>
		<wp:menu_order>0</wp:menu_order>
		<wp:post_type>attachment</wp:post_type>
		<wp:post_password></wp:post_password>
		<wp:is_sticky>0</wp:is_sticky>
		<wp:attachment_url>http://demo2.woothemes.com/stitched/files/2014/02/tumblr_mxrv3qn8Am1st5lhmo1_1280.jpg</wp:attachment_url>
		<wp:postmeta>
			<wp:meta_key>_wp_attached_file</wp:meta_key>
			<wp:meta_value><![CDATA[2014/02/tumblr_mxrv3qn8Am1st5lhmo1_1280.jpg]]></wp:meta_value>
		</wp:postmeta>
		<wp:postmeta>
			<wp:meta_key>_wp_attachment_metadata</wp:meta_key>
			<wp:meta_value><![CDATA[a:5:{s:5:"width";i:1280;s:6:"height";i:853;s:4:"file";s:43:"2014/02/tumblr_mxrv3qn8Am1st5lhmo1_1280.jpg";s:5:"sizes";a:9:{s:9:"thumbnail";a:4:{s:4:"file";s:43:"tumblr_mxrv3qn8Am1st5lhmo1_1280-150x150.jpg";s:5:"width";i:150;s:6:"height";i:150;s:9:"mime-type";s:10:"image/jpeg";}s:6:"medium";a:4:{s:4:"file";s:43:"tumblr_mxrv3qn8Am1st5lhmo1_1280-300x199.jpg";s:5:"width";i:300;s:6:"height";i:199;s:9:"mime-type";s:10:"image/jpeg";}s:5:"large";a:4:{s:4:"file";s:44:"tumblr_mxrv3qn8Am1st5lhmo1_1280-1024x682.jpg";s:5:"width";i:1024;s:6:"height";i:682;s:9:"mime-type";s:10:"image/jpeg";}s:15:"project-archive";a:4:{s:4:"file";s:43:"tumblr_mxrv3qn8Am1st5lhmo1_1280-600x399.jpg";s:5:"width";i:600;s:6:"height";i:399;s:9:"mime-type";s:10:"image/jpeg";}s:14:"project-single";a:4:{s:4:"file";s:44:"tumblr_mxrv3qn8Am1st5lhmo1_1280-1024x682.jpg";s:5:"width";i:1024;s:6:"height";i:682;s:9:"mime-type";s:10:"image/jpeg";}s:17:"project-thumbnail";a:4:{s:4:"file";s:42:"tumblr_mxrv3qn8Am1st5lhmo1_1280-150x99.jpg";s:5:"width";i:150;s:6:"height";i:99;s:9:"mime-type";s:10:"image/jpeg";}s:14:"shop_thumbnail";a:4:{s:4:"file";s:41:"tumblr_mxrv3qn8Am1st5lhmo1_1280-90x90.jpg";s:5:"width";i:90;s:6:"height";i:90;s:9:"mime-type";s:10:"image/jpeg";}s:12:"shop_catalog";a:4:{s:4:"file";s:43:"tumblr_mxrv3qn8Am1st5lhmo1_1280-150x150.jpg";s:5:"width";i:150;s:6:"height";i:150;s:9:"mime-type";s:10:"image/jpeg";}s:11:"shop_single";a:4:{s:4:"file";s:43:"tumblr_mxrv3qn8Am1st5lhmo1_1280-300x300.jpg";s:5:"width";i:300;s:6:"height";i:300;s:9:"mime-type";s:10:"image/jpeg";}}s:10:"image_meta";a:10:{s:8:"aperture";i:0;s:6:"credit";s:0:"";s:6:"camera";s:0:"";s:7:"caption";s:0:"";s:17:"created_timestamp";i:0;s:9:"copyright";s:0:"";s:12:"focal_length";i:0;s:3:"iso";i:0;s:13:"shutter_speed";i:0;s:5:"title";s:0:"";}}]]></wp:meta_value>
		</wp:postmeta>
	</item>
	<item>
				<title>tumblr_myebsj2lWI1st5lhmo1_1280</title>
		<link>http://demo2.woothemes.com/stitched/projects/landscapes/the-desert/tumblr_myebsj2lwi1st5lhmo1_1280/</link>
		<pubDate>Tue, 18 Feb 2014 14:36:00 +0000</pubDate>
		<dc:creator><![CDATA[wooteam]]></dc:creator>
		<guid isPermaLink="false">http://demo2.woothemes.com/stitched/files/2014/02/tumblr_myebsj2lWI1st5lhmo1_1280.jpg</guid>
		<description></description>
		<content:encoded><![CDATA[]]></content:encoded>
		<excerpt:encoded><![CDATA[]]></excerpt:encoded>
		<wp:post_id>2937</wp:post_id>
		<wp:post_date>2014-02-18 14:36:00</wp:post_date>
		<wp:post_date_gmt>2014-02-18 14:36:00</wp:post_date_gmt>
		<wp:comment_status>open</wp:comment_status>
		<wp:ping_status>open</wp:ping_status>
		<wp:post_name>tumblr_myebsj2lwi1st5lhmo1_1280</wp:post_name>
		<wp:status>inherit</wp:status>
		<wp:post_parent>2934</wp:post_parent>
		<wp:menu_order>0</wp:menu_order>
		<wp:post_type>attachment</wp:post_type>
		<wp:post_password></wp:post_password>
		<wp:is_sticky>0</wp:is_sticky>
		<wp:attachment_url>http://demo2.woothemes.com/stitched/files/2014/02/tumblr_myebsj2lWI1st5lhmo1_1280.jpg</wp:attachment_url>
		<wp:postmeta>
			<wp:meta_key>_wp_attached_file</wp:meta_key>
			<wp:meta_value><![CDATA[2014/02/tumblr_myebsj2lWI1st5lhmo1_1280.jpg]]></wp:meta_value>
		</wp:postmeta>
		<wp:postmeta>
			<wp:meta_key>_wp_attachment_metadata</wp:meta_key>
			<wp:meta_value><![CDATA[a:5:{s:5:"width";i:1280;s:6:"height";i:960;s:4:"file";s:43:"2014/02/tumblr_myebsj2lWI1st5lhmo1_1280.jpg";s:5:"sizes";a:9:{s:9:"thumbnail";a:4:{s:4:"file";s:43:"tumblr_myebsj2lWI1st5lhmo1_1280-150x150.jpg";s:5:"width";i:150;s:6:"height";i:150;s:9:"mime-type";s:10:"image/jpeg";}s:6:"medium";a:4:{s:4:"file";s:43:"tumblr_myebsj2lWI1st5lhmo1_1280-300x225.jpg";s:5:"width";i:300;s:6:"height";i:225;s:9:"mime-type";s:10:"image/jpeg";}s:5:"large";a:4:{s:4:"file";s:44:"tumblr_myebsj2lWI1st5lhmo1_1280-1024x768.jpg";s:5:"width";i:1024;s:6:"height";i:768;s:9:"mime-type";s:10:"image/jpeg";}s:15:"project-archive";a:4:{s:4:"file";s:43:"tumblr_myebsj2lWI1st5lhmo1_1280-600x450.jpg";s:5:"width";i:600;s:6:"height";i:450;s:9:"mime-type";s:10:"image/jpeg";}s:14:"project-single";a:4:{s:4:"file";s:44:"tumblr_myebsj2lWI1st5lhmo1_1280-1024x768.jpg";s:5:"width";i:1024;s:6:"height";i:768;s:9:"mime-type";s:10:"image/jpeg";}s:17:"project-thumbnail";a:4:{s:4:"file";s:43:"tumblr_myebsj2lWI1st5lhmo1_1280-150x112.jpg";s:5:"width";i:150;s:6:"height";i:112;s:9:"mime-type";s:10:"image/jpeg";}s:14:"shop_thumbnail";a:4:{s:4:"file";s:41:"tumblr_myebsj2lWI1st5lhmo1_1280-90x90.jpg";s:5:"width";i:90;s:6:"height";i:90;s:9:"mime-type";s:10:"image/jpeg";}s:12:"shop_catalog";a:4:{s:4:"file";s:43:"tumblr_myebsj2lWI1st5lhmo1_1280-150x150.jpg";s:5:"width";i:150;s:6:"height";i:150;s:9:"mime-type";s:10:"image/jpeg";}s:11:"shop_single";a:4:{s:4:"file";s:43:"tumblr_myebsj2lWI1st5lhmo1_1280-300x300.jpg";s:5:"width";i:300;s:6:"height";i:300;s:9:"mime-type";s:10:"image/jpeg";}}s:10:"image_meta";a:10:{s:8:"aperture";i:0;s:6:"credit";s:0:"";s:6:"camera";s:0:"";s:7:"caption";s:0:"";s:17:"created_timestamp";i:0;s:9:"copyright";s:0:"";s:12:"focal_length";i:0;s:3:"iso";i:0;s:13:"shutter_speed";i:0;s:5:"title";s:0:"";}}]]></wp:meta_value>
		</wp:postmeta>
	</item>
	<item>
				<title>tumblr_myebv0eI7k1st5lhmo1_1280</title>
		<link>http://demo2.woothemes.com/stitched/projects/landscapes/the-beach/tumblr_myebv0ei7k1st5lhmo1_1280/</link>
		<pubDate>Tue, 18 Feb 2014 14:37:38 +0000</pubDate>
		<dc:creator><![CDATA[wooteam]]></dc:creator>
		<guid isPermaLink="false">http://demo2.woothemes.com/stitched/files/2014/02/tumblr_myebv0eI7k1st5lhmo1_1280.jpg</guid>
		<description></description>
		<content:encoded><![CDATA[]]></content:encoded>
		<excerpt:encoded><![CDATA[]]></excerpt:encoded>
		<wp:post_id>2939</wp:post_id>
		<wp:post_date>2014-02-18 14:37:38</wp:post_date>
		<wp:post_date_gmt>2014-02-18 14:37:38</wp:post_date_gmt>
		<wp:comment_status>open</wp:comment_status>
		<wp:ping_status>open</wp:ping_status>
		<wp:post_name>tumblr_myebv0ei7k1st5lhmo1_1280</wp:post_name>
		<wp:status>inherit</wp:status>
		<wp:post_parent>2938</wp:post_parent>
		<wp:menu_order>0</wp:menu_order>
		<wp:post_type>attachment</wp:post_type>
		<wp:post_password></wp:post_password>
		<wp:is_sticky>0</wp:is_sticky>
		<wp:attachment_url>http://demo2.woothemes.com/stitched/files/2014/02/tumblr_myebv0eI7k1st5lhmo1_1280.jpg</wp:attachment_url>
		<wp:postmeta>
			<wp:meta_key>_wp_attached_file</wp:meta_key>
			<wp:meta_value><![CDATA[2014/02/tumblr_myebv0eI7k1st5lhmo1_1280.jpg]]></wp:meta_value>
		</wp:postmeta>
		<wp:postmeta>
			<wp:meta_key>_wp_attachment_metadata</wp:meta_key>
			<wp:meta_value><![CDATA[a:5:{s:5:"width";i:1280;s:6:"height";i:853;s:4:"file";s:43:"2014/02/tumblr_myebv0eI7k1st5lhmo1_1280.jpg";s:5:"sizes";a:9:{s:9:"thumbnail";a:4:{s:4:"file";s:43:"tumblr_myebv0eI7k1st5lhmo1_1280-150x150.jpg";s:5:"width";i:150;s:6:"height";i:150;s:9:"mime-type";s:10:"image/jpeg";}s:6:"medium";a:4:{s:4:"file";s:43:"tumblr_myebv0eI7k1st5lhmo1_1280-300x199.jpg";s:5:"width";i:300;s:6:"height";i:199;s:9:"mime-type";s:10:"image/jpeg";}s:5:"large";a:4:{s:4:"file";s:44:"tumblr_myebv0eI7k1st5lhmo1_1280-1024x682.jpg";s:5:"width";i:1024;s:6:"height";i:682;s:9:"mime-type";s:10:"image/jpeg";}s:15:"project-archive";a:4:{s:4:"file";s:43:"tumblr_myebv0eI7k1st5lhmo1_1280-600x399.jpg";s:5:"width";i:600;s:6:"height";i:399;s:9:"mime-type";s:10:"image/jpeg";}s:14:"project-single";a:4:{s:4:"file";s:44:"tumblr_myebv0eI7k1st5lhmo1_1280-1024x682.jpg";s:5:"width";i:1024;s:6:"height";i:682;s:9:"mime-type";s:10:"image/jpeg";}s:17:"project-thumbnail";a:4:{s:4:"file";s:42:"tumblr_myebv0eI7k1st5lhmo1_1280-150x99.jpg";s:5:"width";i:150;s:6:"height";i:99;s:9:"mime-type";s:10:"image/jpeg";}s:14:"shop_thumbnail";a:4:{s:4:"file";s:41:"tumblr_myebv0eI7k1st5lhmo1_1280-90x90.jpg";s:5:"width";i:90;s:6:"height";i:90;s:9:"mime-type";s:10:"image/jpeg";}s:12:"shop_catalog";a:4:{s:4:"file";s:43:"tumblr_myebv0eI7k1st5lhmo1_1280-150x150.jpg";s:5:"width";i:150;s:6:"height";i:150;s:9:"mime-type";s:10:"image/jpeg";}s:11:"shop_single";a:4:{s:4:"file";s:43:"tumblr_myebv0eI7k1st5lhmo1_1280-300x300.jpg";s:5:"width";i:300;s:6:"height";i:300;s:9:"mime-type";s:10:"image/jpeg";}}s:10:"image_meta";a:10:{s:8:"aperture";i:0;s:6:"credit";s:0:"";s:6:"camera";s:0:"";s:7:"caption";s:0:"";s:17:"created_timestamp";i:0;s:9:"copyright";s:0:"";s:12:"focal_length";i:0;s:3:"iso";i:0;s:13:"shutter_speed";i:0;s:5:"title";s:0:"";}}]]></wp:meta_value>
		</wp:postmeta>
	</item>
	<item>
				<title>tumblr_myp9dgyhJ71st5lhmo1_1280</title>
		<link>http://demo2.woothemes.com/stitched/projects/landscapes/the-beach/tumblr_myp9dgyhj71st5lhmo1_1280/</link>
		<pubDate>Tue, 18 Feb 2014 14:38:00 +0000</pubDate>
		<dc:creator><![CDATA[wooteam]]></dc:creator>
		<guid isPermaLink="false">http://demo2.woothemes.com/stitched/files/2014/02/tumblr_myp9dgyhJ71st5lhmo1_1280.jpg</guid>
		<description></description>
		<content:encoded><![CDATA[]]></content:encoded>
		<excerpt:encoded><![CDATA[]]></excerpt:encoded>
		<wp:post_id>2940</wp:post_id>
		<wp:post_date>2014-02-18 14:38:00</wp:post_date>
		<wp:post_date_gmt>2014-02-18 14:38:00</wp:post_date_gmt>
		<wp:comment_status>open</wp:comment_status>
		<wp:ping_status>open</wp:ping_status>
		<wp:post_name>tumblr_myp9dgyhj71st5lhmo1_1280</wp:post_name>
		<wp:status>inherit</wp:status>
		<wp:post_parent>2938</wp:post_parent>
		<wp:menu_order>0</wp:menu_order>
		<wp:post_type>attachment</wp:post_type>
		<wp:post_password></wp:post_password>
		<wp:is_sticky>0</wp:is_sticky>
		<wp:attachment_url>http://demo2.woothemes.com/stitched/files/2014/02/tumblr_myp9dgyhJ71st5lhmo1_1280.jpg</wp:attachment_url>
		<wp:postmeta>
			<wp:meta_key>_wp_attached_file</wp:meta_key>
			<wp:meta_value><![CDATA[2014/02/tumblr_myp9dgyhJ71st5lhmo1_1280.jpg]]></wp:meta_value>
		</wp:postmeta>
		<wp:postmeta>
			<wp:meta_key>_wp_attachment_metadata</wp:meta_key>
			<wp:meta_value><![CDATA[a:5:{s:5:"width";i:1280;s:6:"height";i:853;s:4:"file";s:43:"2014/02/tumblr_myp9dgyhJ71st5lhmo1_1280.jpg";s:5:"sizes";a:9:{s:9:"thumbnail";a:4:{s:4:"file";s:43:"tumblr_myp9dgyhJ71st5lhmo1_1280-150x150.jpg";s:5:"width";i:150;s:6:"height";i:150;s:9:"mime-type";s:10:"image/jpeg";}s:6:"medium";a:4:{s:4:"file";s:43:"tumblr_myp9dgyhJ71st5lhmo1_1280-300x199.jpg";s:5:"width";i:300;s:6:"height";i:199;s:9:"mime-type";s:10:"image/jpeg";}s:5:"large";a:4:{s:4:"file";s:44:"tumblr_myp9dgyhJ71st5lhmo1_1280-1024x682.jpg";s:5:"width";i:1024;s:6:"height";i:682;s:9:"mime-type";s:10:"image/jpeg";}s:15:"project-archive";a:4:{s:4:"file";s:43:"tumblr_myp9dgyhJ71st5lhmo1_1280-600x399.jpg";s:5:"width";i:600;s:6:"height";i:399;s:9:"mime-type";s:10:"image/jpeg";}s:14:"project-single";a:4:{s:4:"file";s:44:"tumblr_myp9dgyhJ71st5lhmo1_1280-1024x682.jpg";s:5:"width";i:1024;s:6:"height";i:682;s:9:"mime-type";s:10:"image/jpeg";}s:17:"project-thumbnail";a:4:{s:4:"file";s:42:"tumblr_myp9dgyhJ71st5lhmo1_1280-150x99.jpg";s:5:"width";i:150;s:6:"height";i:99;s:9:"mime-type";s:10:"image/jpeg";}s:14:"shop_thumbnail";a:4:{s:4:"file";s:41:"tumblr_myp9dgyhJ71st5lhmo1_1280-90x90.jpg";s:5:"width";i:90;s:6:"height";i:90;s:9:"mime-type";s:10:"image/jpeg";}s:12:"shop_catalog";a:4:{s:4:"file";s:43:"tumblr_myp9dgyhJ71st5lhmo1_1280-150x150.jpg";s:5:"width";i:150;s:6:"height";i:150;s:9:"mime-type";s:10:"image/jpeg";}s:11:"shop_single";a:4:{s:4:"file";s:43:"tumblr_myp9dgyhJ71st5lhmo1_1280-300x300.jpg";s:5:"width";i:300;s:6:"height";i:300;s:9:"mime-type";s:10:"image/jpeg";}}s:10:"image_meta";a:10:{s:8:"aperture";i:0;s:6:"credit";s:0:"";s:6:"camera";s:0:"";s:7:"caption";s:0:"";s:17:"created_timestamp";i:0;s:9:"copyright";s:0:"";s:12:"focal_length";i:0;s:3:"iso";i:0;s:13:"shutter_speed";i:0;s:5:"title";s:0:"";}}]]></wp:meta_value>
		</wp:postmeta>
	</item>
	<item>
				<title>tumblr_mzgz6yFP0u1st5lhmo1_1280</title>
		<link>http://demo2.woothemes.com/stitched/projects/landscapes/the-beach/tumblr_mzgz6yfp0u1st5lhmo1_1280/</link>
		<pubDate>Tue, 18 Feb 2014 14:38:02 +0000</pubDate>
		<dc:creator><![CDATA[wooteam]]></dc:creator>
		<guid isPermaLink="false">http://demo2.woothemes.com/stitched/files/2014/02/tumblr_mzgz6yFP0u1st5lhmo1_1280.jpg</guid>
		<description></description>
		<content:encoded><![CDATA[]]></content:encoded>
		<excerpt:encoded><![CDATA[]]></excerpt:encoded>
		<wp:post_id>2941</wp:post_id>
		<wp:post_date>2014-02-18 14:38:02</wp:post_date>
		<wp:post_date_gmt>2014-02-18 14:38:02</wp:post_date_gmt>
		<wp:comment_status>open</wp:comment_status>
		<wp:ping_status>open</wp:ping_status>
		<wp:post_name>tumblr_mzgz6yfp0u1st5lhmo1_1280</wp:post_name>
		<wp:status>inherit</wp:status>
		<wp:post_parent>2938</wp:post_parent>
		<wp:menu_order>0</wp:menu_order>
		<wp:post_type>attachment</wp:post_type>
		<wp:post_password></wp:post_password>
		<wp:is_sticky>0</wp:is_sticky>
		<wp:attachment_url>http://demo2.woothemes.com/stitched/files/2014/02/tumblr_mzgz6yFP0u1st5lhmo1_1280.jpg</wp:attachment_url>
		<wp:postmeta>
			<wp:meta_key>_wp_attached_file</wp:meta_key>
			<wp:meta_value><![CDATA[2014/02/tumblr_mzgz6yFP0u1st5lhmo1_1280.jpg]]></wp:meta_value>
		</wp:postmeta>
		<wp:postmeta>
			<wp:meta_key>_wp_attachment_metadata</wp:meta_key>
			<wp:meta_value><![CDATA[a:5:{s:5:"width";i:1280;s:6:"height";i:960;s:4:"file";s:43:"2014/02/tumblr_mzgz6yFP0u1st5lhmo1_1280.jpg";s:5:"sizes";a:9:{s:9:"thumbnail";a:4:{s:4:"file";s:43:"tumblr_mzgz6yFP0u1st5lhmo1_1280-150x150.jpg";s:5:"width";i:150;s:6:"height";i:150;s:9:"mime-type";s:10:"image/jpeg";}s:6:"medium";a:4:{s:4:"file";s:43:"tumblr_mzgz6yFP0u1st5lhmo1_1280-300x225.jpg";s:5:"width";i:300;s:6:"height";i:225;s:9:"mime-type";s:10:"image/jpeg";}s:5:"large";a:4:{s:4:"file";s:44:"tumblr_mzgz6yFP0u1st5lhmo1_1280-1024x768.jpg";s:5:"width";i:1024;s:6:"height";i:768;s:9:"mime-type";s:10:"image/jpeg";}s:15:"project-archive";a:4:{s:4:"file";s:43:"tumblr_mzgz6yFP0u1st5lhmo1_1280-600x450.jpg";s:5:"width";i:600;s:6:"height";i:450;s:9:"mime-type";s:10:"image/jpeg";}s:14:"project-single";a:4:{s:4:"file";s:44:"tumblr_mzgz6yFP0u1st5lhmo1_1280-1024x768.jpg";s:5:"width";i:1024;s:6:"height";i:768;s:9:"mime-type";s:10:"image/jpeg";}s:17:"project-thumbnail";a:4:{s:4:"file";s:43:"tumblr_mzgz6yFP0u1st5lhmo1_1280-150x112.jpg";s:5:"width";i:150;s:6:"height";i:112;s:9:"mime-type";s:10:"image/jpeg";}s:14:"shop_thumbnail";a:4:{s:4:"file";s:41:"tumblr_mzgz6yFP0u1st5lhmo1_1280-90x90.jpg";s:5:"width";i:90;s:6:"height";i:90;s:9:"mime-type";s:10:"image/jpeg";}s:12:"shop_catalog";a:4:{s:4:"file";s:43:"tumblr_mzgz6yFP0u1st5lhmo1_1280-150x150.jpg";s:5:"width";i:150;s:6:"height";i:150;s:9:"mime-type";s:10:"image/jpeg";}s:11:"shop_single";a:4:{s:4:"file";s:43:"tumblr_mzgz6yFP0u1st5lhmo1_1280-300x300.jpg";s:5:"width";i:300;s:6:"height";i:300;s:9:"mime-type";s:10:"image/jpeg";}}s:10:"image_meta";a:10:{s:8:"aperture";i:0;s:6:"credit";s:0:"";s:6:"camera";s:0:"";s:7:"caption";s:0:"";s:17:"created_timestamp";i:0;s:9:"copyright";s:0:"";s:12:"focal_length";i:0;s:3:"iso";i:0;s:13:"shutter_speed";i:0;s:5:"title";s:0:"";}}]]></wp:meta_value>
		</wp:postmeta>
	</item>
	<item>
				<title>tumblr_mzgz9vJ1CK1st5lhmo1_1280</title>
		<link>http://demo2.woothemes.com/stitched/projects/landscapes/the-beach/tumblr_mzgz9vj1ck1st5lhmo1_1280/</link>
		<pubDate>Tue, 18 Feb 2014 14:38:05 +0000</pubDate>
		<dc:creator><![CDATA[wooteam]]></dc:creator>
		<guid isPermaLink="false">http://demo2.woothemes.com/stitched/files/2014/02/tumblr_mzgz9vJ1CK1st5lhmo1_1280.jpg</guid>
		<description></description>
		<content:encoded><![CDATA[]]></content:encoded>
		<excerpt:encoded><![CDATA[]]></excerpt:encoded>
		<wp:post_id>2942</wp:post_id>
		<wp:post_date>2014-02-18 14:38:05</wp:post_date>
		<wp:post_date_gmt>2014-02-18 14:38:05</wp:post_date_gmt>
		<wp:comment_status>open</wp:comment_status>
		<wp:ping_status>open</wp:ping_status>
		<wp:post_name>tumblr_mzgz9vj1ck1st5lhmo1_1280</wp:post_name>
		<wp:status>inherit</wp:status>
		<wp:post_parent>2938</wp:post_parent>
		<wp:menu_order>0</wp:menu_order>
		<wp:post_type>attachment</wp:post_type>
		<wp:post_password></wp:post_password>
		<wp:is_sticky>0</wp:is_sticky>
		<wp:attachment_url>http://demo2.woothemes.com/stitched/files/2014/02/tumblr_mzgz9vJ1CK1st5lhmo1_1280.jpg</wp:attachment_url>
		<wp:postmeta>
			<wp:meta_key>_wp_attached_file</wp:meta_key>
			<wp:meta_value><![CDATA[2014/02/tumblr_mzgz9vJ1CK1st5lhmo1_1280.jpg]]></wp:meta_value>
		</wp:postmeta>
		<wp:postmeta>
			<wp:meta_key>_wp_attachment_metadata</wp:meta_key>
			<wp:meta_value><![CDATA[a:5:{s:5:"width";i:1280;s:6:"height";i:853;s:4:"file";s:43:"2014/02/tumblr_mzgz9vJ1CK1st5lhmo1_1280.jpg";s:5:"sizes";a:9:{s:9:"thumbnail";a:4:{s:4:"file";s:43:"tumblr_mzgz9vJ1CK1st5lhmo1_1280-150x150.jpg";s:5:"width";i:150;s:6:"height";i:150;s:9:"mime-type";s:10:"image/jpeg";}s:6:"medium";a:4:{s:4:"file";s:43:"tumblr_mzgz9vJ1CK1st5lhmo1_1280-300x199.jpg";s:5:"width";i:300;s:6:"height";i:199;s:9:"mime-type";s:10:"image/jpeg";}s:5:"large";a:4:{s:4:"file";s:44:"tumblr_mzgz9vJ1CK1st5lhmo1_1280-1024x682.jpg";s:5:"width";i:1024;s:6:"height";i:682;s:9:"mime-type";s:10:"image/jpeg";}s:15:"project-archive";a:4:{s:4:"file";s:43:"tumblr_mzgz9vJ1CK1st5lhmo1_1280-600x399.jpg";s:5:"width";i:600;s:6:"height";i:399;s:9:"mime-type";s:10:"image/jpeg";}s:14:"project-single";a:4:{s:4:"file";s:44:"tumblr_mzgz9vJ1CK1st5lhmo1_1280-1024x682.jpg";s:5:"width";i:1024;s:6:"height";i:682;s:9:"mime-type";s:10:"image/jpeg";}s:17:"project-thumbnail";a:4:{s:4:"file";s:42:"tumblr_mzgz9vJ1CK1st5lhmo1_1280-150x99.jpg";s:5:"width";i:150;s:6:"height";i:99;s:9:"mime-type";s:10:"image/jpeg";}s:14:"shop_thumbnail";a:4:{s:4:"file";s:41:"tumblr_mzgz9vJ1CK1st5lhmo1_1280-90x90.jpg";s:5:"width";i:90;s:6:"height";i:90;s:9:"mime-type";s:10:"image/jpeg";}s:12:"shop_catalog";a:4:{s:4:"file";s:43:"tumblr_mzgz9vJ1CK1st5lhmo1_1280-150x150.jpg";s:5:"width";i:150;s:6:"height";i:150;s:9:"mime-type";s:10:"image/jpeg";}s:11:"shop_single";a:4:{s:4:"file";s:43:"tumblr_mzgz9vJ1CK1st5lhmo1_1280-300x300.jpg";s:5:"width";i:300;s:6:"height";i:300;s:9:"mime-type";s:10:"image/jpeg";}}s:10:"image_meta";a:10:{s:8:"aperture";i:0;s:6:"credit";s:0:"";s:6:"camera";s:0:"";s:7:"caption";s:0:"";s:17:"created_timestamp";i:0;s:9:"copyright";s:0:"";s:12:"focal_length";i:0;s:3:"iso";i:0;s:13:"shutter_speed";i:0;s:5:"title";s:0:"";}}]]></wp:meta_value>
		</wp:postmeta>
	</item>

	<item>
				<title>tumblr_myp94uOjbG1st5lhmo1_1280</title>
		<link>http://demo2.woothemes.com/stitched/projects/urban/along-the-tracks/tumblr_myp94uojbg1st5lhmo1_1280/</link>
		<pubDate>Tue, 18 Feb 2014 14:38:55 +0000</pubDate>
		<dc:creator><![CDATA[wooteam]]></dc:creator>
		<guid isPermaLink="false">http://demo2.woothemes.com/stitched/files/2014/02/tumblr_myp94uOjbG1st5lhmo1_1280.jpg</guid>
		<description></description>
		<content:encoded><![CDATA[]]></content:encoded>
		<excerpt:encoded><![CDATA[]]></excerpt:encoded>
		<wp:post_id>2944</wp:post_id>
		<wp:post_date>2014-02-18 14:38:55</wp:post_date>
		<wp:post_date_gmt>2014-02-18 14:38:55</wp:post_date_gmt>
		<wp:comment_status>open</wp:comment_status>
		<wp:ping_status>open</wp:ping_status>
		<wp:post_name>tumblr_myp94uojbg1st5lhmo1_1280</wp:post_name>
		<wp:status>inherit</wp:status>
		<wp:post_parent>2943</wp:post_parent>
		<wp:menu_order>0</wp:menu_order>
		<wp:post_type>attachment</wp:post_type>
		<wp:post_password></wp:post_password>
		<wp:is_sticky>0</wp:is_sticky>
		<wp:attachment_url>http://demo2.woothemes.com/stitched/files/2014/02/tumblr_myp94uOjbG1st5lhmo1_1280.jpg</wp:attachment_url>
		<wp:postmeta>
			<wp:meta_key>_wp_attached_file</wp:meta_key>
			<wp:meta_value><![CDATA[2014/02/tumblr_myp94uOjbG1st5lhmo1_1280.jpg]]></wp:meta_value>
		</wp:postmeta>
		<wp:postmeta>
			<wp:meta_key>_wp_attachment_metadata</wp:meta_key>
			<wp:meta_value><![CDATA[a:5:{s:5:"width";i:1280;s:6:"height";i:853;s:4:"file";s:43:"2014/02/tumblr_myp94uOjbG1st5lhmo1_1280.jpg";s:5:"sizes";a:9:{s:9:"thumbnail";a:4:{s:4:"file";s:43:"tumblr_myp94uOjbG1st5lhmo1_1280-150x150.jpg";s:5:"width";i:150;s:6:"height";i:150;s:9:"mime-type";s:10:"image/jpeg";}s:6:"medium";a:4:{s:4:"file";s:43:"tumblr_myp94uOjbG1st5lhmo1_1280-300x199.jpg";s:5:"width";i:300;s:6:"height";i:199;s:9:"mime-type";s:10:"image/jpeg";}s:5:"large";a:4:{s:4:"file";s:44:"tumblr_myp94uOjbG1st5lhmo1_1280-1024x682.jpg";s:5:"width";i:1024;s:6:"height";i:682;s:9:"mime-type";s:10:"image/jpeg";}s:15:"project-archive";a:4:{s:4:"file";s:43:"tumblr_myp94uOjbG1st5lhmo1_1280-600x399.jpg";s:5:"width";i:600;s:6:"height";i:399;s:9:"mime-type";s:10:"image/jpeg";}s:14:"project-single";a:4:{s:4:"file";s:44:"tumblr_myp94uOjbG1st5lhmo1_1280-1024x682.jpg";s:5:"width";i:1024;s:6:"height";i:682;s:9:"mime-type";s:10:"image/jpeg";}s:17:"project-thumbnail";a:4:{s:4:"file";s:42:"tumblr_myp94uOjbG1st5lhmo1_1280-150x99.jpg";s:5:"width";i:150;s:6:"height";i:99;s:9:"mime-type";s:10:"image/jpeg";}s:14:"shop_thumbnail";a:4:{s:4:"file";s:41:"tumblr_myp94uOjbG1st5lhmo1_1280-90x90.jpg";s:5:"width";i:90;s:6:"height";i:90;s:9:"mime-type";s:10:"image/jpeg";}s:12:"shop_catalog";a:4:{s:4:"file";s:43:"tumblr_myp94uOjbG1st5lhmo1_1280-150x150.jpg";s:5:"width";i:150;s:6:"height";i:150;s:9:"mime-type";s:10:"image/jpeg";}s:11:"shop_single";a:4:{s:4:"file";s:43:"tumblr_myp94uOjbG1st5lhmo1_1280-300x300.jpg";s:5:"width";i:300;s:6:"height";i:300;s:9:"mime-type";s:10:"image/jpeg";}}s:10:"image_meta";a:10:{s:8:"aperture";i:0;s:6:"credit";s:0:"";s:6:"camera";s:0:"";s:7:"caption";s:0:"";s:17:"created_timestamp";i:0;s:9:"copyright";s:0:"";s:12:"focal_length";i:0;s:3:"iso";i:0;s:13:"shutter_speed";i:0;s:5:"title";s:0:"";}}]]></wp:meta_value>
		</wp:postmeta>
	</item>
	<item>
				<title>tumblr_myebteWgAP1st5lhmo1_1280</title>
		<link>http://demo2.woothemes.com/stitched/projects/urban/along-the-tracks/tumblr_myebtewgap1st5lhmo1_1280/</link>
		<pubDate>Tue, 18 Feb 2014 14:39:09 +0000</pubDate>
		<dc:creator><![CDATA[wooteam]]></dc:creator>
		<guid isPermaLink="false">http://demo2.woothemes.com/stitched/files/2014/02/tumblr_myebteWgAP1st5lhmo1_1280.jpg</guid>
		<description></description>
		<content:encoded><![CDATA[]]></content:encoded>
		<excerpt:encoded><![CDATA[]]></excerpt:encoded>
		<wp:post_id>2945</wp:post_id>
		<wp:post_date>2014-02-18 14:39:09</wp:post_date>
		<wp:post_date_gmt>2014-02-18 14:39:09</wp:post_date_gmt>
		<wp:comment_status>open</wp:comment_status>
		<wp:ping_status>open</wp:ping_status>
		<wp:post_name>tumblr_myebtewgap1st5lhmo1_1280</wp:post_name>
		<wp:status>inherit</wp:status>
		<wp:post_parent>2943</wp:post_parent>
		<wp:menu_order>0</wp:menu_order>
		<wp:post_type>attachment</wp:post_type>
		<wp:post_password></wp:post_password>
		<wp:is_sticky>0</wp:is_sticky>
		<wp:attachment_url>http://demo2.woothemes.com/stitched/files/2014/02/tumblr_myebteWgAP1st5lhmo1_1280.jpg</wp:attachment_url>
		<wp:postmeta>
			<wp:meta_key>_wp_attached_file</wp:meta_key>
			<wp:meta_value><![CDATA[2014/02/tumblr_myebteWgAP1st5lhmo1_1280.jpg]]></wp:meta_value>
		</wp:postmeta>
		<wp:postmeta>
			<wp:meta_key>_wp_attachment_metadata</wp:meta_key>
			<wp:meta_value><![CDATA[a:5:{s:5:"width";i:1280;s:6:"height";i:853;s:4:"file";s:43:"2014/02/tumblr_myebteWgAP1st5lhmo1_1280.jpg";s:5:"sizes";a:9:{s:9:"thumbnail";a:4:{s:4:"file";s:43:"tumblr_myebteWgAP1st5lhmo1_1280-150x150.jpg";s:5:"width";i:150;s:6:"height";i:150;s:9:"mime-type";s:10:"image/jpeg";}s:6:"medium";a:4:{s:4:"file";s:43:"tumblr_myebteWgAP1st5lhmo1_1280-300x199.jpg";s:5:"width";i:300;s:6:"height";i:199;s:9:"mime-type";s:10:"image/jpeg";}s:5:"large";a:4:{s:4:"file";s:44:"tumblr_myebteWgAP1st5lhmo1_1280-1024x682.jpg";s:5:"width";i:1024;s:6:"height";i:682;s:9:"mime-type";s:10:"image/jpeg";}s:15:"project-archive";a:4:{s:4:"file";s:43:"tumblr_myebteWgAP1st5lhmo1_1280-600x399.jpg";s:5:"width";i:600;s:6:"height";i:399;s:9:"mime-type";s:10:"image/jpeg";}s:14:"project-single";a:4:{s:4:"file";s:44:"tumblr_myebteWgAP1st5lhmo1_1280-1024x682.jpg";s:5:"width";i:1024;s:6:"height";i:682;s:9:"mime-type";s:10:"image/jpeg";}s:17:"project-thumbnail";a:4:{s:4:"file";s:42:"tumblr_myebteWgAP1st5lhmo1_1280-150x99.jpg";s:5:"width";i:150;s:6:"height";i:99;s:9:"mime-type";s:10:"image/jpeg";}s:14:"shop_thumbnail";a:4:{s:4:"file";s:41:"tumblr_myebteWgAP1st5lhmo1_1280-90x90.jpg";s:5:"width";i:90;s:6:"height";i:90;s:9:"mime-type";s:10:"image/jpeg";}s:12:"shop_catalog";a:4:{s:4:"file";s:43:"tumblr_myebteWgAP1st5lhmo1_1280-150x150.jpg";s:5:"width";i:150;s:6:"height";i:150;s:9:"mime-type";s:10:"image/jpeg";}s:11:"shop_single";a:4:{s:4:"file";s:43:"tumblr_myebteWgAP1st5lhmo1_1280-300x300.jpg";s:5:"width";i:300;s:6:"height";i:300;s:9:"mime-type";s:10:"image/jpeg";}}s:10:"image_meta";a:10:{s:8:"aperture";i:0;s:6:"credit";s:0:"";s:6:"camera";s:0:"";s:7:"caption";s:0:"";s:17:"created_timestamp";i:0;s:9:"copyright";s:0:"";s:12:"focal_length";i:0;s:3:"iso";i:0;s:13:"shutter_speed";i:0;s:5:"title";s:0:"";}}]]></wp:meta_value>
		</wp:postmeta>
	</item>
	<item>
				<title>tumblr_mzgzcdEDTL1st5lhmo1_1280</title>
		<link>http://demo2.woothemes.com/stitched/projects/urban/along-the-tracks/tumblr_mzgzcdedtl1st5lhmo1_1280/</link>
		<pubDate>Tue, 18 Feb 2014 14:39:11 +0000</pubDate>
		<dc:creator><![CDATA[wooteam]]></dc:creator>
		<guid isPermaLink="false">http://demo2.woothemes.com/stitched/files/2014/02/tumblr_mzgzcdEDTL1st5lhmo1_1280.jpg</guid>
		<description></description>
		<content:encoded><![CDATA[]]></content:encoded>
		<excerpt:encoded><![CDATA[]]></excerpt:encoded>
		<wp:post_id>2946</wp:post_id>
		<wp:post_date>2014-02-18 14:39:11</wp:post_date>
		<wp:post_date_gmt>2014-02-18 14:39:11</wp:post_date_gmt>
		<wp:comment_status>open</wp:comment_status>
		<wp:ping_status>open</wp:ping_status>
		<wp:post_name>tumblr_mzgzcdedtl1st5lhmo1_1280</wp:post_name>
		<wp:status>inherit</wp:status>
		<wp:post_parent>2943</wp:post_parent>
		<wp:menu_order>0</wp:menu_order>
		<wp:post_type>attachment</wp:post_type>
		<wp:post_password></wp:post_password>
		<wp:is_sticky>0</wp:is_sticky>
		<wp:attachment_url>http://demo2.woothemes.com/stitched/files/2014/02/tumblr_mzgzcdEDTL1st5lhmo1_1280.jpg</wp:attachment_url>
		<wp:postmeta>
			<wp:meta_key>_wp_attached_file</wp:meta_key>
			<wp:meta_value><![CDATA[2014/02/tumblr_mzgzcdEDTL1st5lhmo1_1280.jpg]]></wp:meta_value>
		</wp:postmeta>
		<wp:postmeta>
			<wp:meta_key>_wp_attachment_metadata</wp:meta_key>
			<wp:meta_value><![CDATA[a:5:{s:5:"width";i:1280;s:6:"height";i:799;s:4:"file";s:43:"2014/02/tumblr_mzgzcdEDTL1st5lhmo1_1280.jpg";s:5:"sizes";a:9:{s:9:"thumbnail";a:4:{s:4:"file";s:43:"tumblr_mzgzcdEDTL1st5lhmo1_1280-150x150.jpg";s:5:"width";i:150;s:6:"height";i:150;s:9:"mime-type";s:10:"image/jpeg";}s:6:"medium";a:4:{s:4:"file";s:43:"tumblr_mzgzcdEDTL1st5lhmo1_1280-300x187.jpg";s:5:"width";i:300;s:6:"height";i:187;s:9:"mime-type";s:10:"image/jpeg";}s:5:"large";a:4:{s:4:"file";s:44:"tumblr_mzgzcdEDTL1st5lhmo1_1280-1024x639.jpg";s:5:"width";i:1024;s:6:"height";i:639;s:9:"mime-type";s:10:"image/jpeg";}s:15:"project-archive";a:4:{s:4:"file";s:43:"tumblr_mzgzcdEDTL1st5lhmo1_1280-600x374.jpg";s:5:"width";i:600;s:6:"height";i:374;s:9:"mime-type";s:10:"image/jpeg";}s:14:"project-single";a:4:{s:4:"file";s:44:"tumblr_mzgzcdEDTL1st5lhmo1_1280-1024x639.jpg";s:5:"width";i:1024;s:6:"height";i:639;s:9:"mime-type";s:10:"image/jpeg";}s:17:"project-thumbnail";a:4:{s:4:"file";s:42:"tumblr_mzgzcdEDTL1st5lhmo1_1280-150x93.jpg";s:5:"width";i:150;s:6:"height";i:93;s:9:"mime-type";s:10:"image/jpeg";}s:14:"shop_thumbnail";a:4:{s:4:"file";s:41:"tumblr_mzgzcdEDTL1st5lhmo1_1280-90x90.jpg";s:5:"width";i:90;s:6:"height";i:90;s:9:"mime-type";s:10:"image/jpeg";}s:12:"shop_catalog";a:4:{s:4:"file";s:43:"tumblr_mzgzcdEDTL1st5lhmo1_1280-150x150.jpg";s:5:"width";i:150;s:6:"height";i:150;s:9:"mime-type";s:10:"image/jpeg";}s:11:"shop_single";a:4:{s:4:"file";s:43:"tumblr_mzgzcdEDTL1st5lhmo1_1280-300x300.jpg";s:5:"width";i:300;s:6:"height";i:300;s:9:"mime-type";s:10:"image/jpeg";}}s:10:"image_meta";a:10:{s:8:"aperture";i:0;s:6:"credit";s:0:"";s:6:"camera";s:0:"";s:7:"caption";s:0:"";s:17:"created_timestamp";i:0;s:9:"copyright";s:0:"";s:12:"focal_length";i:0;s:3:"iso";i:0;s:13:"shutter_speed";i:0;s:5:"title";s:0:"";}}]]></wp:meta_value>
		</wp:postmeta>
	</item>
	<item>
				<title>tumblr_mzzqzbLVlr1st5lhmo1_1280</title>
		<link>http://demo2.woothemes.com/stitched/projects/urban/along-the-tracks/tumblr_mzzqzblvlr1st5lhmo1_1280/</link>
		<pubDate>Tue, 18 Feb 2014 14:39:14 +0000</pubDate>
		<dc:creator><![CDATA[wooteam]]></dc:creator>
		<guid isPermaLink="false">http://demo2.woothemes.com/stitched/files/2014/02/tumblr_mzzqzbLVlr1st5lhmo1_1280.jpg</guid>
		<description></description>
		<content:encoded><![CDATA[]]></content:encoded>
		<excerpt:encoded><![CDATA[]]></excerpt:encoded>
		<wp:post_id>2947</wp:post_id>
		<wp:post_date>2014-02-18 14:39:14</wp:post_date>
		<wp:post_date_gmt>2014-02-18 14:39:14</wp:post_date_gmt>
		<wp:comment_status>open</wp:comment_status>
		<wp:ping_status>open</wp:ping_status>
		<wp:post_name>tumblr_mzzqzblvlr1st5lhmo1_1280</wp:post_name>
		<wp:status>inherit</wp:status>
		<wp:post_parent>2943</wp:post_parent>
		<wp:menu_order>0</wp:menu_order>
		<wp:post_type>attachment</wp:post_type>
		<wp:post_password></wp:post_password>
		<wp:is_sticky>0</wp:is_sticky>
		<wp:attachment_url>http://demo2.woothemes.com/stitched/files/2014/02/tumblr_mzzqzbLVlr1st5lhmo1_1280.jpg</wp:attachment_url>
		<wp:postmeta>
			<wp:meta_key>_wp_attached_file</wp:meta_key>
			<wp:meta_value><![CDATA[2014/02/tumblr_mzzqzbLVlr1st5lhmo1_1280.jpg]]></wp:meta_value>
		</wp:postmeta>
		<wp:postmeta>
			<wp:meta_key>_wp_attachment_metadata</wp:meta_key>
			<wp:meta_value><![CDATA[a:5:{s:5:"width";i:1024;s:6:"height";i:683;s:4:"file";s:43:"2014/02/tumblr_mzzqzbLVlr1st5lhmo1_1280.jpg";s:5:"sizes";a:7:{s:9:"thumbnail";a:4:{s:4:"file";s:43:"tumblr_mzzqzbLVlr1st5lhmo1_1280-150x150.jpg";s:5:"width";i:150;s:6:"height";i:150;s:9:"mime-type";s:10:"image/jpeg";}s:6:"medium";a:4:{s:4:"file";s:43:"tumblr_mzzqzbLVlr1st5lhmo1_1280-300x200.jpg";s:5:"width";i:300;s:6:"height";i:200;s:9:"mime-type";s:10:"image/jpeg";}s:15:"project-archive";a:4:{s:4:"file";s:43:"tumblr_mzzqzbLVlr1st5lhmo1_1280-600x400.jpg";s:5:"width";i:600;s:6:"height";i:400;s:9:"mime-type";s:10:"image/jpeg";}s:17:"project-thumbnail";a:4:{s:4:"file";s:43:"tumblr_mzzqzbLVlr1st5lhmo1_1280-150x100.jpg";s:5:"width";i:150;s:6:"height";i:100;s:9:"mime-type";s:10:"image/jpeg";}s:14:"shop_thumbnail";a:4:{s:4:"file";s:41:"tumblr_mzzqzbLVlr1st5lhmo1_1280-90x90.jpg";s:5:"width";i:90;s:6:"height";i:90;s:9:"mime-type";s:10:"image/jpeg";}s:12:"shop_catalog";a:4:{s:4:"file";s:43:"tumblr_mzzqzbLVlr1st5lhmo1_1280-150x150.jpg";s:5:"width";i:150;s:6:"height";i:150;s:9:"mime-type";s:10:"image/jpeg";}s:11:"shop_single";a:4:{s:4:"file";s:43:"tumblr_mzzqzbLVlr1st5lhmo1_1280-300x300.jpg";s:5:"width";i:300;s:6:"height";i:300;s:9:"mime-type";s:10:"image/jpeg";}}s:10:"image_meta";a:10:{s:8:"aperture";i:0;s:6:"credit";s:0:"";s:6:"camera";s:0:"";s:7:"caption";s:0:"";s:17:"created_timestamp";i:0;s:9:"copyright";s:0:"";s:12:"focal_length";i:0;s:3:"iso";i:0;s:13:"shutter_speed";i:0;s:5:"title";s:0:"";}}]]></wp:meta_value>
		</wp:postmeta>
	</item>
	<item>
				<title>tumblr_mzgz8arzYo1st5lhmo1_1280</title>
		<link>http://demo2.woothemes.com/stitched/projects/nature/in-the-woods/tumblr_mzgz8arzyo1st5lhmo1_1280/</link>
		<pubDate>Tue, 18 Feb 2014 14:40:47 +0000</pubDate>
		<dc:creator><![CDATA[wooteam]]></dc:creator>
		<guid isPermaLink="false">http://demo2.woothemes.com/stitched/files/2014/02/tumblr_mzgz8arzYo1st5lhmo1_1280.jpg</guid>
		<description></description>
		<content:encoded><![CDATA[]]></content:encoded>
		<excerpt:encoded><![CDATA[]]></excerpt:encoded>
		<wp:post_id>2949</wp:post_id>
		<wp:post_date>2014-02-18 14:40:47</wp:post_date>
		<wp:post_date_gmt>2014-02-18 14:40:47</wp:post_date_gmt>
		<wp:comment_status>open</wp:comment_status>
		<wp:ping_status>open</wp:ping_status>
		<wp:post_name>tumblr_mzgz8arzyo1st5lhmo1_1280</wp:post_name>
		<wp:status>inherit</wp:status>
		<wp:post_parent>2948</wp:post_parent>
		<wp:menu_order>0</wp:menu_order>
		<wp:post_type>attachment</wp:post_type>
		<wp:post_password></wp:post_password>
		<wp:is_sticky>0</wp:is_sticky>
		<wp:attachment_url>http://demo2.woothemes.com/stitched/files/2014/02/tumblr_mzgz8arzYo1st5lhmo1_1280.jpg</wp:attachment_url>
		<wp:postmeta>
			<wp:meta_key>_wp_attached_file</wp:meta_key>
			<wp:meta_value><![CDATA[2014/02/tumblr_mzgz8arzYo1st5lhmo1_1280.jpg]]></wp:meta_value>
		</wp:postmeta>
		<wp:postmeta>
			<wp:meta_key>_wp_attachment_metadata</wp:meta_key>
			<wp:meta_value><![CDATA[a:5:{s:5:"width";i:1280;s:6:"height";i:854;s:4:"file";s:43:"2014/02/tumblr_mzgz8arzYo1st5lhmo1_1280.jpg";s:5:"sizes";a:9:{s:9:"thumbnail";a:4:{s:4:"file";s:43:"tumblr_mzgz8arzYo1st5lhmo1_1280-150x150.jpg";s:5:"width";i:150;s:6:"height";i:150;s:9:"mime-type";s:10:"image/jpeg";}s:6:"medium";a:4:{s:4:"file";s:43:"tumblr_mzgz8arzYo1st5lhmo1_1280-300x200.jpg";s:5:"width";i:300;s:6:"height";i:200;s:9:"mime-type";s:10:"image/jpeg";}s:5:"large";a:4:{s:4:"file";s:44:"tumblr_mzgz8arzYo1st5lhmo1_1280-1024x683.jpg";s:5:"width";i:1024;s:6:"height";i:683;s:9:"mime-type";s:10:"image/jpeg";}s:15:"project-archive";a:4:{s:4:"file";s:43:"tumblr_mzgz8arzYo1st5lhmo1_1280-600x400.jpg";s:5:"width";i:600;s:6:"height";i:400;s:9:"mime-type";s:10:"image/jpeg";}s:14:"project-single";a:4:{s:4:"file";s:44:"tumblr_mzgz8arzYo1st5lhmo1_1280-1024x683.jpg";s:5:"width";i:1024;s:6:"height";i:683;s:9:"mime-type";s:10:"image/jpeg";}s:17:"project-thumbnail";a:4:{s:4:"file";s:43:"tumblr_mzgz8arzYo1st5lhmo1_1280-150x100.jpg";s:5:"width";i:150;s:6:"height";i:100;s:9:"mime-type";s:10:"image/jpeg";}s:14:"shop_thumbnail";a:4:{s:4:"file";s:41:"tumblr_mzgz8arzYo1st5lhmo1_1280-90x90.jpg";s:5:"width";i:90;s:6:"height";i:90;s:9:"mime-type";s:10:"image/jpeg";}s:12:"shop_catalog";a:4:{s:4:"file";s:43:"tumblr_mzgz8arzYo1st5lhmo1_1280-150x150.jpg";s:5:"width";i:150;s:6:"height";i:150;s:9:"mime-type";s:10:"image/jpeg";}s:11:"shop_single";a:4:{s:4:"file";s:43:"tumblr_mzgz8arzYo1st5lhmo1_1280-300x300.jpg";s:5:"width";i:300;s:6:"height";i:300;s:9:"mime-type";s:10:"image/jpeg";}}s:10:"image_meta";a:10:{s:8:"aperture";i:0;s:6:"credit";s:0:"";s:6:"camera";s:0:"";s:7:"caption";s:0:"";s:17:"created_timestamp";i:0;s:9:"copyright";s:0:"";s:12:"focal_length";i:0;s:3:"iso";i:0;s:13:"shutter_speed";i:0;s:5:"title";s:0:"";}}]]></wp:meta_value>
		</wp:postmeta>
	</item>
	<item>
				<title>tumblr_mxrv8vRMbA1st5lhmo1_1280</title>
		<link>http://demo2.woothemes.com/stitched/projects/nature/in-the-woods/tumblr_mxrv8vrmba1st5lhmo1_1280/</link>
		<pubDate>Tue, 18 Feb 2014 14:41:09 +0000</pubDate>
		<dc:creator><![CDATA[wooteam]]></dc:creator>
		<guid isPermaLink="false">http://demo2.woothemes.com/stitched/files/2014/02/tumblr_mxrv8vRMbA1st5lhmo1_1280.jpg</guid>
		<description></description>
		<content:encoded><![CDATA[]]></content:encoded>
		<excerpt:encoded><![CDATA[]]></excerpt:encoded>
		<wp:post_id>2950</wp:post_id>
		<wp:post_date>2014-02-18 14:41:09</wp:post_date>
		<wp:post_date_gmt>2014-02-18 14:41:09</wp:post_date_gmt>
		<wp:comment_status>open</wp:comment_status>
		<wp:ping_status>open</wp:ping_status>
		<wp:post_name>tumblr_mxrv8vrmba1st5lhmo1_1280</wp:post_name>
		<wp:status>inherit</wp:status>
		<wp:post_parent>2948</wp:post_parent>
		<wp:menu_order>0</wp:menu_order>
		<wp:post_type>attachment</wp:post_type>
		<wp:post_password></wp:post_password>
		<wp:is_sticky>0</wp:is_sticky>
		<wp:attachment_url>http://demo2.woothemes.com/stitched/files/2014/02/tumblr_mxrv8vRMbA1st5lhmo1_1280.jpg</wp:attachment_url>
		<wp:postmeta>
			<wp:meta_key>_wp_attached_file</wp:meta_key>
			<wp:meta_value><![CDATA[2014/02/tumblr_mxrv8vRMbA1st5lhmo1_1280.jpg]]></wp:meta_value>
		</wp:postmeta>
		<wp:postmeta>
			<wp:meta_key>_wp_attachment_metadata</wp:meta_key>
			<wp:meta_value><![CDATA[a:5:{s:5:"width";i:1280;s:6:"height";i:853;s:4:"file";s:43:"2014/02/tumblr_mxrv8vRMbA1st5lhmo1_1280.jpg";s:5:"sizes";a:9:{s:9:"thumbnail";a:4:{s:4:"file";s:43:"tumblr_mxrv8vRMbA1st5lhmo1_1280-150x150.jpg";s:5:"width";i:150;s:6:"height";i:150;s:9:"mime-type";s:10:"image/jpeg";}s:6:"medium";a:4:{s:4:"file";s:43:"tumblr_mxrv8vRMbA1st5lhmo1_1280-300x199.jpg";s:5:"width";i:300;s:6:"height";i:199;s:9:"mime-type";s:10:"image/jpeg";}s:5:"large";a:4:{s:4:"file";s:44:"tumblr_mxrv8vRMbA1st5lhmo1_1280-1024x682.jpg";s:5:"width";i:1024;s:6:"height";i:682;s:9:"mime-type";s:10:"image/jpeg";}s:15:"project-archive";a:4:{s:4:"file";s:43:"tumblr_mxrv8vRMbA1st5lhmo1_1280-600x399.jpg";s:5:"width";i:600;s:6:"height";i:399;s:9:"mime-type";s:10:"image/jpeg";}s:14:"project-single";a:4:{s:4:"file";s:44:"tumblr_mxrv8vRMbA1st5lhmo1_1280-1024x682.jpg";s:5:"width";i:1024;s:6:"height";i:682;s:9:"mime-type";s:10:"image/jpeg";}s:17:"project-thumbnail";a:4:{s:4:"file";s:42:"tumblr_mxrv8vRMbA1st5lhmo1_1280-150x99.jpg";s:5:"width";i:150;s:6:"height";i:99;s:9:"mime-type";s:10:"image/jpeg";}s:14:"shop_thumbnail";a:4:{s:4:"file";s:41:"tumblr_mxrv8vRMbA1st5lhmo1_1280-90x90.jpg";s:5:"width";i:90;s:6:"height";i:90;s:9:"mime-type";s:10:"image/jpeg";}s:12:"shop_catalog";a:4:{s:4:"file";s:43:"tumblr_mxrv8vRMbA1st5lhmo1_1280-150x150.jpg";s:5:"width";i:150;s:6:"height";i:150;s:9:"mime-type";s:10:"image/jpeg";}s:11:"shop_single";a:4:{s:4:"file";s:43:"tumblr_mxrv8vRMbA1st5lhmo1_1280-300x300.jpg";s:5:"width";i:300;s:6:"height";i:300;s:9:"mime-type";s:10:"image/jpeg";}}s:10:"image_meta";a:10:{s:8:"aperture";i:0;s:6:"credit";s:0:"";s:6:"camera";s:0:"";s:7:"caption";s:0:"";s:17:"created_timestamp";i:0;s:9:"copyright";s:0:"";s:12:"focal_length";i:0;s:3:"iso";i:0;s:13:"shutter_speed";i:0;s:5:"title";s:0:"";}}]]></wp:meta_value>
		</wp:postmeta>
	</item>
	<item>
				<title>tumblr_myp9mb1QNJ1st5lhmo1_1280</title>
		<link>http://demo2.woothemes.com/stitched/projects/nature/in-the-woods/tumblr_myp9mb1qnj1st5lhmo1_1280/</link>
		<pubDate>Tue, 18 Feb 2014 14:41:11 +0000</pubDate>
		<dc:creator><![CDATA[wooteam]]></dc:creator>
		<guid isPermaLink="false">http://demo2.woothemes.com/stitched/files/2014/02/tumblr_myp9mb1QNJ1st5lhmo1_1280.jpg</guid>
		<description></description>
		<content:encoded><![CDATA[]]></content:encoded>
		<excerpt:encoded><![CDATA[]]></excerpt:encoded>
		<wp:post_id>2951</wp:post_id>
		<wp:post_date>2014-02-18 14:41:11</wp:post_date>
		<wp:post_date_gmt>2014-02-18 14:41:11</wp:post_date_gmt>
		<wp:comment_status>open</wp:comment_status>
		<wp:ping_status>open</wp:ping_status>
		<wp:post_name>tumblr_myp9mb1qnj1st5lhmo1_1280</wp:post_name>
		<wp:status>inherit</wp:status>
		<wp:post_parent>2948</wp:post_parent>
		<wp:menu_order>0</wp:menu_order>
		<wp:post_type>attachment</wp:post_type>
		<wp:post_password></wp:post_password>
		<wp:is_sticky>0</wp:is_sticky>
		<wp:attachment_url>http://demo2.woothemes.com/stitched/files/2014/02/tumblr_myp9mb1QNJ1st5lhmo1_1280.jpg</wp:attachment_url>
		<wp:postmeta>
			<wp:meta_key>_wp_attached_file</wp:meta_key>
			<wp:meta_value><![CDATA[2014/02/tumblr_myp9mb1QNJ1st5lhmo1_1280.jpg]]></wp:meta_value>
		</wp:postmeta>
		<wp:postmeta>
			<wp:meta_key>_wp_attachment_metadata</wp:meta_key>
			<wp:meta_value><![CDATA[a:5:{s:5:"width";i:1280;s:6:"height";i:857;s:4:"file";s:43:"2014/02/tumblr_myp9mb1QNJ1st5lhmo1_1280.jpg";s:5:"sizes";a:9:{s:9:"thumbnail";a:4:{s:4:"file";s:43:"tumblr_myp9mb1QNJ1st5lhmo1_1280-150x150.jpg";s:5:"width";i:150;s:6:"height";i:150;s:9:"mime-type";s:10:"image/jpeg";}s:6:"medium";a:4:{s:4:"file";s:43:"tumblr_myp9mb1QNJ1st5lhmo1_1280-300x200.jpg";s:5:"width";i:300;s:6:"height";i:200;s:9:"mime-type";s:10:"image/jpeg";}s:5:"large";a:4:{s:4:"file";s:44:"tumblr_myp9mb1QNJ1st5lhmo1_1280-1024x685.jpg";s:5:"width";i:1024;s:6:"height";i:685;s:9:"mime-type";s:10:"image/jpeg";}s:15:"project-archive";a:4:{s:4:"file";s:43:"tumblr_myp9mb1QNJ1st5lhmo1_1280-600x401.jpg";s:5:"width";i:600;s:6:"height";i:401;s:9:"mime-type";s:10:"image/jpeg";}s:14:"project-single";a:4:{s:4:"file";s:44:"tumblr_myp9mb1QNJ1st5lhmo1_1280-1024x685.jpg";s:5:"width";i:1024;s:6:"height";i:685;s:9:"mime-type";s:10:"image/jpeg";}s:17:"project-thumbnail";a:4:{s:4:"file";s:43:"tumblr_myp9mb1QNJ1st5lhmo1_1280-150x100.jpg";s:5:"width";i:150;s:6:"height";i:100;s:9:"mime-type";s:10:"image/jpeg";}s:14:"shop_thumbnail";a:4:{s:4:"file";s:41:"tumblr_myp9mb1QNJ1st5lhmo1_1280-90x90.jpg";s:5:"width";i:90;s:6:"height";i:90;s:9:"mime-type";s:10:"image/jpeg";}s:12:"shop_catalog";a:4:{s:4:"file";s:43:"tumblr_myp9mb1QNJ1st5lhmo1_1280-150x150.jpg";s:5:"width";i:150;s:6:"height";i:150;s:9:"mime-type";s:10:"image/jpeg";}s:11:"shop_single";a:4:{s:4:"file";s:43:"tumblr_myp9mb1QNJ1st5lhmo1_1280-300x300.jpg";s:5:"width";i:300;s:6:"height";i:300;s:9:"mime-type";s:10:"image/jpeg";}}s:10:"image_meta";a:10:{s:8:"aperture";i:0;s:6:"credit";s:0:"";s:6:"camera";s:0:"";s:7:"caption";s:0:"";s:17:"created_timestamp";i:0;s:9:"copyright";s:0:"";s:12:"focal_length";i:0;s:3:"iso";i:0;s:13:"shutter_speed";i:0;s:5:"title";s:0:"";}}]]></wp:meta_value>
		</wp:postmeta>
	</item>
	<item>
				<title>tumblr_mzzr1q92gB1st5lhmo1_1280</title>
		<link>http://demo2.woothemes.com/stitched/projects/nature/in-the-woods/tumblr_mzzr1q92gb1st5lhmo1_1280/</link>
		<pubDate>Tue, 18 Feb 2014 14:41:16 +0000</pubDate>
		<dc:creator><![CDATA[wooteam]]></dc:creator>
		<guid isPermaLink="false">http://demo2.woothemes.com/stitched/files/2014/02/tumblr_mzzr1q92gB1st5lhmo1_1280.jpg</guid>
		<description></description>
		<content:encoded><![CDATA[]]></content:encoded>
		<excerpt:encoded><![CDATA[]]></excerpt:encoded>
		<wp:post_id>2952</wp:post_id>
		<wp:post_date>2014-02-18 14:41:16</wp:post_date>
		<wp:post_date_gmt>2014-02-18 14:41:16</wp:post_date_gmt>
		<wp:comment_status>open</wp:comment_status>
		<wp:ping_status>open</wp:ping_status>
		<wp:post_name>tumblr_mzzr1q92gb1st5lhmo1_1280</wp:post_name>
		<wp:status>inherit</wp:status>
		<wp:post_parent>2948</wp:post_parent>
		<wp:menu_order>0</wp:menu_order>
		<wp:post_type>attachment</wp:post_type>
		<wp:post_password></wp:post_password>
		<wp:is_sticky>0</wp:is_sticky>
		<wp:attachment_url>http://demo2.woothemes.com/stitched/files/2014/02/tumblr_mzzr1q92gB1st5lhmo1_1280.jpg</wp:attachment_url>
		<wp:postmeta>
			<wp:meta_key>_wp_attached_file</wp:meta_key>
			<wp:meta_value><![CDATA[2014/02/tumblr_mzzr1q92gB1st5lhmo1_1280.jpg]]></wp:meta_value>
		</wp:postmeta>
		<wp:postmeta>
			<wp:meta_key>_wp_attachment_metadata</wp:meta_key>
			<wp:meta_value><![CDATA[a:5:{s:5:"width";i:1280;s:6:"height";i:853;s:4:"file";s:43:"2014/02/tumblr_mzzr1q92gB1st5lhmo1_1280.jpg";s:5:"sizes";a:9:{s:9:"thumbnail";a:4:{s:4:"file";s:43:"tumblr_mzzr1q92gB1st5lhmo1_1280-150x150.jpg";s:5:"width";i:150;s:6:"height";i:150;s:9:"mime-type";s:10:"image/jpeg";}s:6:"medium";a:4:{s:4:"file";s:43:"tumblr_mzzr1q92gB1st5lhmo1_1280-300x199.jpg";s:5:"width";i:300;s:6:"height";i:199;s:9:"mime-type";s:10:"image/jpeg";}s:5:"large";a:4:{s:4:"file";s:44:"tumblr_mzzr1q92gB1st5lhmo1_1280-1024x682.jpg";s:5:"width";i:1024;s:6:"height";i:682;s:9:"mime-type";s:10:"image/jpeg";}s:15:"project-archive";a:4:{s:4:"file";s:43:"tumblr_mzzr1q92gB1st5lhmo1_1280-600x399.jpg";s:5:"width";i:600;s:6:"height";i:399;s:9:"mime-type";s:10:"image/jpeg";}s:14:"project-single";a:4:{s:4:"file";s:44:"tumblr_mzzr1q92gB1st5lhmo1_1280-1024x682.jpg";s:5:"width";i:1024;s:6:"height";i:682;s:9:"mime-type";s:10:"image/jpeg";}s:17:"project-thumbnail";a:4:{s:4:"file";s:42:"tumblr_mzzr1q92gB1st5lhmo1_1280-150x99.jpg";s:5:"width";i:150;s:6:"height";i:99;s:9:"mime-type";s:10:"image/jpeg";}s:14:"shop_thumbnail";a:4:{s:4:"file";s:41:"tumblr_mzzr1q92gB1st5lhmo1_1280-90x90.jpg";s:5:"width";i:90;s:6:"height";i:90;s:9:"mime-type";s:10:"image/jpeg";}s:12:"shop_catalog";a:4:{s:4:"file";s:43:"tumblr_mzzr1q92gB1st5lhmo1_1280-150x150.jpg";s:5:"width";i:150;s:6:"height";i:150;s:9:"mime-type";s:10:"image/jpeg";}s:11:"shop_single";a:4:{s:4:"file";s:43:"tumblr_mzzr1q92gB1st5lhmo1_1280-300x300.jpg";s:5:"width";i:300;s:6:"height";i:300;s:9:"mime-type";s:10:"image/jpeg";}}s:10:"image_meta";a:10:{s:8:"aperture";i:0;s:6:"credit";s:0:"";s:6:"camera";s:0:"";s:7:"caption";s:0:"";s:17:"created_timestamp";i:0;s:9:"copyright";s:0:"";s:12:"focal_length";i:0;s:3:"iso";i:0;s:13:"shutter_speed";i:0;s:5:"title";s:0:"";}}]]></wp:meta_value>
		</wp:postmeta>
	</item>

				<title>Projects</title>
		<link>http://demo2.woothemes.com/stitched/projects/</link>
		<pubDate>Thu, 13 Feb 2014 15:56:14 +0000</pubDate>
		<dc:creator><![CDATA[wooteam]]></dc:creator>
		<guid isPermaLink="false">http://demo2.woothemes.com/stitched/?page_id=2920</guid>
		<description></description>
		<content:encoded><![CDATA[]]></content:encoded>
		<excerpt:encoded><![CDATA[]]></excerpt:encoded>
		<wp:post_id>2920</wp:post_id>
		<wp:post_date>2014-02-13 15:56:14</wp:post_date>
		<wp:post_date_gmt>2014-02-13 15:56:14</wp:post_date_gmt>
		<wp:comment_status>open</wp:comment_status>
		<wp:ping_status>open</wp:ping_status>
		<wp:post_name>projects</wp:post_name>
		<wp:status>publish</wp:status>
		<wp:post_parent>0</wp:post_parent>
		<wp:menu_order>0</wp:menu_order>
		<wp:post_type>page</wp:post_type>
		<wp:post_password></wp:post_password>
		<wp:is_sticky>0</wp:is_sticky>
		<wp:postmeta>
			<wp:meta_key>_edit_last</wp:meta_key>
			<wp:meta_value><![CDATA[3]]></wp:meta_value>
		</wp:postmeta>
		<wp:postmeta>
			<wp:meta_key>_wp_page_template</wp:meta_key>
			<wp:meta_value><![CDATA[default]]></wp:meta_value>
		</wp:postmeta>
	</item>

				<title>Animals</title>
		<link>http://demo2.woothemes.com/stitched/projects/nature/animals/</link>
		<pubDate>Tue, 18 Feb 2014 14:32:10 +0000</pubDate>
		<dc:creator><![CDATA[wooteam]]></dc:creator>
		<guid isPermaLink="false">http://demo2.woothemes.com/stitched/?post_type=project&#038;p=2924</guid>
		<description></description>
		<content:encoded><![CDATA[Pellentesque habitant morbi tristique senectus et netus et malesuada fames ac turpis egestas. Vestibulum tortor quam, feugiat vitae, ultricies eget, tempor sit amet, ante. Donec eu libero sit amet quam egestas semper. Aenean ultricies mi vitae est. Mauris placerat eleifend leo.

Pellentesque habitant morbi tristique senectus et netus et malesuada fames ac turpis egestas. Vestibulum tortor quam, feugiat vitae, ultricies eget, tempor sit amet, ante. Donec eu libero sit amet quam egestas semper. Aenean ultricies mi vitae est. Mauris placerat eleifend leo.

Pellentesque habitant morbi tristique senectus et netus et malesuada fames ac turpis egestas. Vestibulum tortor quam, feugiat vitae, ultricies eget, tempor sit amet, ante. Donec eu libero sit amet quam egestas semper. Aenean ultricies mi vitae est. Mauris placerat eleifend leo.]]></content:encoded>
		<excerpt:encoded><![CDATA[]]></excerpt:encoded>
		<wp:post_id>2924</wp:post_id>
		<wp:post_date>2014-02-18 14:32:10</wp:post_date>
		<wp:post_date_gmt>2014-02-18 14:32:10</wp:post_date_gmt>
		<wp:comment_status>closed</wp:comment_status>
		<wp:ping_status>closed</wp:ping_status>
		<wp:post_name>animals</wp:post_name>
		<wp:status>publish</wp:status>
		<wp:post_parent>0</wp:post_parent>
		<wp:menu_order>0</wp:menu_order>
		<wp:post_type>project</wp:post_type>
		<wp:post_password></wp:post_password>
		<wp:is_sticky>0</wp:is_sticky>
		<category domain="project-category" nicename="nature"><![CDATA[Nature]]></category>
		<wp:postmeta>
			<wp:meta_key>_thumbnail_id</wp:meta_key>
			<wp:meta_value><![CDATA[2925]]></wp:meta_value>
		</wp:postmeta>
		<wp:postmeta>
			<wp:meta_key>_edit_last</wp:meta_key>
			<wp:meta_value><![CDATA[3]]></wp:meta_value>
		</wp:postmeta>
		<wp:postmeta>
			<wp:meta_key>_project_image_gallery</wp:meta_key>
			<wp:meta_value><![CDATA[2926,2927,2928]]></wp:meta_value>
		</wp:postmeta>
	</item>
	<item>
				<title>Cities</title>
		<link>http://demo2.woothemes.com/stitched/projects/urban/cities/</link>
		<pubDate>Tue, 18 Feb 2014 14:34:31 +0000</pubDate>
		<dc:creator><![CDATA[wooteam]]></dc:creator>
		<guid isPermaLink="false">http://demo2.woothemes.com/stitched/?post_type=project&#038;p=2929</guid>
		<description></description>
		<content:encoded><![CDATA[Pellentesque habitant morbi tristique senectus et netus et malesuada fames ac turpis egestas. Vestibulum tortor quam, feugiat vitae, ultricies eget, tempor sit amet, ante. Donec eu libero sit amet quam egestas semper. Aenean ultricies mi vitae est. Mauris placerat eleifend leo.

Pellentesque habitant morbi tristique senectus et netus et malesuada fames ac turpis egestas. Vestibulum tortor quam, feugiat vitae, ultricies eget, tempor sit amet, ante. Donec eu libero sit amet quam egestas semper. Aenean ultricies mi vitae est. Mauris placerat eleifend leo.

Pellentesque habitant morbi tristique senectus et netus et malesuada fames ac turpis egestas. Vestibulum tortor quam, feugiat vitae, ultricies eget, tempor sit amet, ante. Donec eu libero sit amet quam egestas semper. Aenean ultricies mi vitae est. Mauris placerat eleifend leo.

Pellentesque habitant morbi tristique senectus et netus et malesuada fames ac turpis egestas. Vestibulum tortor quam, feugiat vitae, ultricies eget, tempor sit amet, ante. Donec eu libero sit amet quam egestas semper. Aenean ultricies mi vitae est. Mauris placerat eleifend leo.]]></content:encoded>
		<excerpt:encoded><![CDATA[]]></excerpt:encoded>
		<wp:post_id>2929</wp:post_id>
		<wp:post_date>2014-02-18 14:34:31</wp:post_date>
		<wp:post_date_gmt>2014-02-18 14:34:31</wp:post_date_gmt>
		<wp:comment_status>closed</wp:comment_status>
		<wp:ping_status>closed</wp:ping_status>
		<wp:post_name>cities</wp:post_name>
		<wp:status>publish</wp:status>
		<wp:post_parent>0</wp:post_parent>
		<wp:menu_order>0</wp:menu_order>
		<wp:post_type>project</wp:post_type>
		<wp:post_password></wp:post_password>
		<wp:is_sticky>0</wp:is_sticky>
		<category domain="project-category" nicename="urban"><![CDATA[Urban]]></category>
		<wp:postmeta>
			<wp:meta_key>_thumbnail_id</wp:meta_key>
			<wp:meta_value><![CDATA[2930]]></wp:meta_value>
		</wp:postmeta>
		<wp:postmeta>
			<wp:meta_key>_edit_last</wp:meta_key>
			<wp:meta_value><![CDATA[3]]></wp:meta_value>
		</wp:postmeta>
		<wp:postmeta>
			<wp:meta_key>_project_image_gallery</wp:meta_key>
			<wp:meta_value><![CDATA[2931,2932,2933]]></wp:meta_value>
		</wp:postmeta>
	</item>
	<item>
				<title>The Desert</title>
		<link>http://demo2.woothemes.com/stitched/projects/landscapes/the-desert/</link>
		<pubDate>Tue, 18 Feb 2014 14:36:13 +0000</pubDate>
		<dc:creator><![CDATA[wooteam]]></dc:creator>
		<guid isPermaLink="false">http://demo2.woothemes.com/stitched/?post_type=project&#038;p=2934</guid>
		<description></description>
		<content:encoded><![CDATA[Pellentesque habitant morbi tristique senectus et netus et malesuada fames ac turpis egestas. Vestibulum tortor quam, feugiat vitae, ultricies eget, tempor sit amet, ante. Donec eu libero sit amet quam egestas semper. Aenean ultricies mi vitae est. Mauris placerat eleifend leo.

Pellentesque habitant morbi tristique senectus et netus et malesuada fames ac turpis egestas. Vestibulum tortor quam, feugiat vitae, ultricies eget, tempor sit amet, ante. Donec eu libero sit amet quam egestas semper. Aenean ultricies mi vitae est. Mauris placerat eleifend leo.

Pellentesque habitant morbi tristique senectus et netus et malesuada fames ac turpis egestas. Vestibulum tortor quam, feugiat vitae, ultricies eget, tempor sit amet, ante. Donec eu libero sit amet quam egestas semper. Aenean ultricies mi vitae est. Mauris placerat eleifend leo.]]></content:encoded>
		<excerpt:encoded><![CDATA[]]></excerpt:encoded>
		<wp:post_id>2934</wp:post_id>
		<wp:post_date>2014-02-18 14:36:13</wp:post_date>
		<wp:post_date_gmt>2014-02-18 14:36:13</wp:post_date_gmt>
		<wp:comment_status>closed</wp:comment_status>
		<wp:ping_status>closed</wp:ping_status>
		<wp:post_name>the-desert</wp:post_name>
		<wp:status>publish</wp:status>
		<wp:post_parent>0</wp:post_parent>
		<wp:menu_order>0</wp:menu_order>
		<wp:post_type>project</wp:post_type>
		<wp:post_password></wp:post_password>
		<wp:is_sticky>0</wp:is_sticky>
		<category domain="project-category" nicename="landscapes"><![CDATA[Landscapes]]></category>
		<category domain="project-category" nicename="nature"><![CDATA[Nature]]></category>
		<wp:postmeta>
			<wp:meta_key>_thumbnail_id</wp:meta_key>
			<wp:meta_value><![CDATA[2935]]></wp:meta_value>
		</wp:postmeta>
		<wp:postmeta>
			<wp:meta_key>_edit_last</wp:meta_key>
			<wp:meta_value><![CDATA[3]]></wp:meta_value>
		</wp:postmeta>
		<wp:postmeta>
			<wp:meta_key>_project_image_gallery</wp:meta_key>
			<wp:meta_value><![CDATA[2936,2937]]></wp:meta_value>
		</wp:postmeta>
	</item>
	<item>
				<title>The Beach</title>
		<link>http://demo2.woothemes.com/stitched/projects/landscapes/the-beach/</link>
		<pubDate>Tue, 18 Feb 2014 14:38:11 +0000</pubDate>
		<dc:creator><![CDATA[wooteam]]></dc:creator>
		<guid isPermaLink="false">http://demo2.woothemes.com/stitched/?post_type=project&#038;p=2938</guid>
		<description></description>
		<content:encoded><![CDATA[Pellentesque habitant morbi tristique senectus et netus et malesuada fames ac turpis egestas. Vestibulum tortor quam, feugiat vitae, ultricies eget, tempor sit amet, ante. Donec eu libero sit amet quam egestas semper. Aenean ultricies mi vitae est. Mauris placerat eleifend leo.

Pellentesque habitant morbi tristique senectus et netus et malesuada fames ac turpis egestas. Vestibulum tortor quam, feugiat vitae, ultricies eget, tempor sit amet, ante. Donec eu libero sit amet quam egestas semper. Aenean ultricies mi vitae est. Mauris placerat eleifend leo.

Pellentesque habitant morbi tristique senectus et netus et malesuada fames ac turpis egestas. Vestibulum tortor quam, feugiat vitae, ultricies eget, tempor sit amet, ante. Donec eu libero sit amet quam egestas semper. Aenean ultricies mi vitae est. Mauris placerat eleifend leo.]]></content:encoded>
		<excerpt:encoded><![CDATA[]]></excerpt:encoded>
		<wp:post_id>2938</wp:post_id>
		<wp:post_date>2014-02-18 14:38:11</wp:post_date>
		<wp:post_date_gmt>2014-02-18 14:38:11</wp:post_date_gmt>
		<wp:comment_status>closed</wp:comment_status>
		<wp:ping_status>closed</wp:ping_status>
		<wp:post_name>the-beach</wp:post_name>
		<wp:status>publish</wp:status>
		<wp:post_parent>0</wp:post_parent>
		<wp:menu_order>0</wp:menu_order>
		<wp:post_type>project</wp:post_type>
		<wp:post_password></wp:post_password>
		<wp:is_sticky>0</wp:is_sticky>
		<category domain="project-category" nicename="landscapes"><![CDATA[Landscapes]]></category>
		<wp:postmeta>
			<wp:meta_key>_thumbnail_id</wp:meta_key>
			<wp:meta_value><![CDATA[2939]]></wp:meta_value>
		</wp:postmeta>
		<wp:postmeta>
			<wp:meta_key>_edit_last</wp:meta_key>
			<wp:meta_value><![CDATA[3]]></wp:meta_value>
		</wp:postmeta>
		<wp:postmeta>
			<wp:meta_key>_project_image_gallery</wp:meta_key>
			<wp:meta_value><![CDATA[2940,2941,2942]]></wp:meta_value>
		</wp:postmeta>
	</item>
	<item>
				<title>Along the tracks</title>
		<link>http://demo2.woothemes.com/stitched/projects/urban/along-the-tracks/</link>
		<pubDate>Tue, 18 Feb 2014 14:40:26 +0000</pubDate>
		<dc:creator><![CDATA[wooteam]]></dc:creator>
		<guid isPermaLink="false">http://demo2.woothemes.com/stitched/?post_type=project&#038;p=2943</guid>
		<description></description>
		<content:encoded><![CDATA[Pellentesque habitant morbi tristique senectus et netus et malesuada fames ac turpis egestas. Vestibulum tortor quam, feugiat vitae, ultricies eget, tempor sit amet, ante. Donec eu libero sit amet quam egestas semper. Aenean ultricies mi vitae est. Mauris placerat eleifend leo.

Pellentesque habitant morbi tristique senectus et netus et malesuada fames ac turpis egestas. Vestibulum tortor quam, feugiat vitae, ultricies eget, tempor sit amet, ante. Donec eu libero sit amet quam egestas semper. Aenean ultricies mi vitae est. Mauris placerat eleifend leo.

Pellentesque habitant morbi tristique senectus et netus et malesuada fames ac turpis egestas. Vestibulum tortor quam, feugiat vitae, ultricies eget, tempor sit amet, ante. Donec eu libero sit amet quam egestas semper. Aenean ultricies mi vitae est. Mauris placerat eleifend leo.]]></content:encoded>
		<excerpt:encoded><![CDATA[]]></excerpt:encoded>
		<wp:post_id>2943</wp:post_id>
		<wp:post_date>2014-02-18 14:40:26</wp:post_date>
		<wp:post_date_gmt>2014-02-18 14:40:26</wp:post_date_gmt>
		<wp:comment_status>closed</wp:comment_status>
		<wp:ping_status>closed</wp:ping_status>
		<wp:post_name>along-the-tracks</wp:post_name>
		<wp:status>publish</wp:status>
		<wp:post_parent>0</wp:post_parent>
		<wp:menu_order>0</wp:menu_order>
		<wp:post_type>project</wp:post_type>
		<wp:post_password></wp:post_password>
		<wp:is_sticky>0</wp:is_sticky>
		<category domain="project-category" nicename="urban"><![CDATA[Urban]]></category>
		<wp:postmeta>
			<wp:meta_key>_thumbnail_id</wp:meta_key>
			<wp:meta_value><![CDATA[2944]]></wp:meta_value>
		</wp:postmeta>
		<wp:postmeta>
			<wp:meta_key>_edit_last</wp:meta_key>
			<wp:meta_value><![CDATA[3]]></wp:meta_value>
		</wp:postmeta>
		<wp:postmeta>
			<wp:meta_key>_project_image_gallery</wp:meta_key>
			<wp:meta_value><![CDATA[2945,2946,2947]]></wp:meta_value>
		</wp:postmeta>
	</item>
	<item>
				<title>In the woods</title>
		<link>http://demo2.woothemes.com/stitched/projects/nature/in-the-woods/</link>
		<pubDate>Tue, 18 Feb 2014 14:41:30 +0000</pubDate>
		<dc:creator><![CDATA[wooteam]]></dc:creator>
		<guid isPermaLink="false">http://demo2.woothemes.com/stitched/?post_type=project&#038;p=2948</guid>
		<description></description>
		<content:encoded><![CDATA[Pellentesque habitant morbi tristique senectus et netus et malesuada fames ac turpis egestas. Vestibulum tortor quam, feugiat vitae, ultricies eget, tempor sit amet, ante. Donec eu libero sit amet quam egestas semper. Aenean ultricies mi vitae est. Mauris placerat eleifend leo.

Pellentesque habitant morbi tristique senectus et netus et malesuada fames ac turpis egestas. Vestibulum tortor quam, feugiat vitae, ultricies eget, tempor sit amet, ante. Donec eu libero sit amet quam egestas semper. Aenean ultricies mi vitae est. Mauris placerat eleifend leo.

Pellentesque habitant morbi tristique senectus et netus et malesuada fames ac turpis egestas. Vestibulum tortor quam, feugiat vitae, ultricies eget, tempor sit amet, ante. Donec eu libero sit amet quam egestas semper. Aenean ultricies mi vitae est. Mauris placerat eleifend leo.]]></content:encoded>
		<excerpt:encoded><![CDATA[]]></excerpt:encoded>
		<wp:post_id>2948</wp:post_id>
		<wp:post_date>2014-02-18 14:41:30</wp:post_date>
		<wp:post_date_gmt>2014-02-18 14:41:30</wp:post_date_gmt>
		<wp:comment_status>closed</wp:comment_status>
		<wp:ping_status>closed</wp:ping_status>
		<wp:post_name>in-the-woods</wp:post_name>
		<wp:status>publish</wp:status>
		<wp:post_parent>0</wp:post_parent>
		<wp:menu_order>0</wp:menu_order>
		<wp:post_type>project</wp:post_type>
		<wp:post_password></wp:post_password>
		<wp:is_sticky>0</wp:is_sticky>
		<category domain="project-category" nicename="nature"><![CDATA[Nature]]></category>
		<wp:postmeta>
			<wp:meta_key>_thumbnail_id</wp:meta_key>
			<wp:meta_value><![CDATA[2949]]></wp:meta_value>
		</wp:postmeta>
		<wp:postmeta>
			<wp:meta_key>_edit_last</wp:meta_key>
			<wp:meta_value><![CDATA[3]]></wp:meta_value>
		</wp:postmeta>
		<wp:postmeta>
			<wp:meta_key>_project_image_gallery</wp:meta_key>
			<wp:meta_value><![CDATA[2950,2951,2952]]></wp:meta_value>
		</wp:postmeta>
	</item>
</channel>
</rss>
